unit_id,LRZ,capacity_mw,energy_storage_capacity_mwh,thermal_derate_name,thermal_for_profile_name,solar_profile_name,wind_profile_name
MISO_01_BatteryStorage_001,01,1.5,150.0,,,,
MISO_01_BatteryStorage_002,01,6.0,12.0,,,,
MISO_01_BatteryStorage_003,01,6.0,12.0,,,,
MISO_01_BatteryStorage_004,01,3.0,6.0,,,,
MISO_01_BatteryStorage_005,01,100.0,400.0,,,,
MISO_01_BatteryStorage_006,01,75.0,300.0,,,,
MISO_01_BatteryStorage_007,01,1.0,3.0,,,,
MISO_01_BatteryStorage_008,01,3.6,3.0,,,,
MISO_01_Coal_001,01,6.0,0.0,MISO_01_Conventional_Steam_Coal_RC_001,MISO_01_ST_002,,
MISO_01_Coal_002,01,7.5,0.0,MISO_01_Conventional_Steam_Coal_RC_002,MISO_01_ST_005,,
MISO_01_Coal_003,01,6.5,0.0,MISO_01_Conventional_Steam_Coal_RC_003,MISO_01_ST_006,,
MISO_01_Coal_004,01,13.3,0.0,MISO_01_Conventional_Steam_Coal_RC_005,MISO_01_ST_010,,
MISO_01_Coal_005,01,1209.6,0.0,MISO_01_Conventional_Steam_Coal_RC_006,MISO_01_ST_011,,
MISO_01_Coal_006,01,131.6,0.0,MISO_01_Conventional_Steam_Coal_RC_009,MISO_01_ST_015,,
MISO_01_Coal_007,01,922.5,0.0,MISO_01_Conventional_Steam_Coal_RC_011,MISO_01_ST_018,,
MISO_01_Coal_008,01,450.0,0.0,MISO_01_Conventional_Steam_Coal_RC_012,MISO_01_ST_019,,
MISO_01_Coal_009,01,734.0,0.0,MISO_01_Conventional_Steam_Coal_RC_016,MISO_01_ST_024,,
MISO_01_Coal_010,01,9.3,0.0,MISO_01_Conventional_Steam_Coal_RC_020,MISO_01_ST_044,,
MISO_01_Coal_011,01,1704.0,0.0,MISO_01_Conventional_Steam_Coal_RC_022,MISO_01_ST_050,,
MISO_01_Coal_012,01,450.0,0.0,MISO_01_Conventional_Steam_Coal_RC_023,MISO_01_ST_052,,
MISO_01_Coal_013,01,598.4,0.0,MISO_01_Conventional_Steam_Coal_RC_026,MISO_01_ST_059,,
MISO_01_Coal_014,01,7.5,0.0,MISO_01_Conventional_Steam_Coal_RC_029,MISO_01_ST_064,,
MISO_01_Coal_015,01,945.5,0.0,MISO_01_Conventional_Steam_Coal_RC_031,MISO_01_ST_067,,
MISO_01_Coal_016,01,38.5,0.0,MISO_01_Conventional_Steam_Coal_RC_038,MISO_01_ST_078,,
MISO_01_Coal_017,01,387.0,0.0,MISO_01_Conventional_Steam_Coal_RC_042,MISO_01_ST_087,,
MISO_01_FuelOil_018,01,4.0,0.0,,MISO_01_CT_003,,
MISO_01_FuelOil_019,01,6.0,0.0,,MISO_01_CT_004,,
MISO_01_FuelOil_020,01,6.7,0.0,,MISO_01_CT_007,,
MISO_01_FuelOil_021,01,1.3,0.0,,MISO_01_CT_008,,
MISO_01_FuelOil_022,01,6.0,0.0,,MISO_01_CT_011,,
MISO_01_FuelOil_023,01,4.0,0.0,,MISO_01_CT_014,,
MISO_01_FuelOil_024,01,4.0,0.0,,MISO_01_CT_016,,
MISO_01_FuelOil_025,01,0.8,0.0,,MISO_01_CT_018,,
MISO_01_FuelOil_026,01,48.2,0.0,,MISO_01_CT_023,,
MISO_01_FuelOil_027,01,12.5,0.0,,MISO_01_CT_025,,
MISO_01_FuelOil_028,01,2.0,0.0,,MISO_01_CT_029,,
MISO_01_FuelOil_029,01,7.6,0.0,,MISO_01_CT_031,,
MISO_01_FuelOil_030,01,15.0,0.0,,MISO_01_CT_033,,
MISO_01_FuelOil_031,01,1.5,0.0,,MISO_01_CT_034,,
MISO_01_FuelOil_032,01,7.0,0.0,,MISO_01_CT_035,,
MISO_01_FuelOil_033,01,9.2,0.0,,MISO_01_CT_036,,
MISO_01_FuelOil_034,01,5.6,0.0,,MISO_01_CT_037,,
MISO_01_FuelOil_035,01,20.1,0.0,,MISO_01_CT_039,,
MISO_01_FuelOil_036,01,25.0,0.0,,MISO_01_CT_040,,
MISO_01_FuelOil_037,01,9.2,0.0,,MISO_01_CT_041,,
MISO_01_FuelOil_038,01,1.0,0.0,,MISO_01_CT_042,,
MISO_01_FuelOil_039,01,9.1,0.0,,MISO_01_CT_046,,
MISO_01_FuelOil_040,01,11.0,0.0,,MISO_01_CT_047,,
MISO_01_FuelOil_041,01,25.1,0.0,,MISO_01_CT_048,,
MISO_01_FuelOil_042,01,12.3,0.0,,MISO_01_CT_049,,
MISO_01_FuelOil_043,01,9.0,0.0,,MISO_01_CT_051,,
MISO_01_FuelOil_044,01,7.2,0.0,,MISO_01_CT_052,,
MISO_01_FuelOil_045,01,27.0,0.0,,MISO_01_CT_054,,
MISO_01_FuelOil_046,01,25.0,0.0,,MISO_01_CT_055,,
MISO_01_FuelOil_047,01,21.9,0.0,,MISO_01_CT_056,,
MISO_01_FuelOil_048,01,12.0,0.0,,MISO_01_CT_057,,
MISO_01_FuelOil_049,01,2.0,0.0,,MISO_01_CT_061,,
MISO_01_FuelOil_050,01,61.2,0.0,,MISO_01_CT_062,,
MISO_01_FuelOil_051,01,6.0,0.0,,MISO_01_CT_065,,
MISO_01_FuelOil_052,01,3.6,0.0,,MISO_01_CT_072,,
MISO_01_FuelOil_053,01,23.2,0.0,,MISO_01_CT_073,,
MISO_01_FuelOil_055,01,39.5,0.0,,MISO_01_CT_075,,
MISO_01_FuelOil_056,01,8.7,0.0,,MISO_01_CT_081,,
MISO_01_FuelOil_057,01,2.0,0.0,,MISO_01_CT_084,,
MISO_01_FuelOil_058,01,10.9,0.0,,MISO_01_CT_086,,
MISO_01_FuelOil_059,01,24.1,0.0,,MISO_01_CT_088,,
MISO_01_FuelOil_060,01,5.4,0.0,,MISO_01_CT_089,,
MISO_01_FuelOil_061,01,8.8,0.0,,MISO_01_CT_091,,
MISO_01_FuelOil_062,01,37.6,0.0,,MISO_01_CT_092,,
MISO_01_FuelOil_063,01,2.4,0.0,,MISO_01_CT_093,,
MISO_01_FuelOil_064,01,157.6,0.0,,MISO_01_CT_094,,
MISO_01_FuelOil_065,01,2.9,0.0,,MISO_01_CT_095,,
MISO_01_FuelOil_066,01,7.1,0.0,,MISO_01_CT_096,,
MISO_01_FuelOil_067,01,1.5,0.0,,MISO_01_CT_098,,
MISO_01_FuelOil_068,01,1.0,0.0,,MISO_01_CT_099,,
MISO_01_FuelOil_069,01,7.4,0.0,,MISO_01_CT_103,,
MISO_01_FuelOil_070,01,17.0,0.0,,MISO_01_CT_104,,
MISO_01_NaturalGas_071,01,1229.9,0.0,MISO_01_Natural_Gas_Fired_Combined_Cycle_RC_027,MISO_01_CC_061,,
MISO_01_NaturalGas_072,01,65.5,0.0,MISO_01_Natural_Gas_Fired_Combined_Cycle_RC_028,MISO_01_CC_063,,
MISO_01_NaturalGas_073,01,283.5,0.0,MISO_01_Natural_Gas_Fired_Combined_Cycle_RC_033,MISO_01_CC_072,,
MISO_01_NaturalGas_074,01,324.8,0.0,MISO_01_Natural_Gas_Fired_Combined_Cycle_RC_034,MISO_01_CC_073,,
MISO_01_NaturalGas_075,01,73.4,0.0,MISO_01_Natural_Gas_Fired_Combined_Cycle_RC_039,MISO_01_CC_080,,
MISO_01_NaturalGas_076,01,334.5,0.0,MISO_01_Natural_Gas_Fired_Combined_Cycle_RC_040,MISO_01_CC_081,,
MISO_01_NaturalGas_078,01,50.0,0.0,MISO_01_Natural_Gas_Fired_Combustion_Turbine_RC_004,MISO_01_CT_008,,
MISO_01_NaturalGas_079,01,83.7,0.0,MISO_01_Natural_Gas_Fired_Combustion_Turbine_RC_013,MISO_01_CT_020,,
MISO_01_NaturalGas_080,01,176.4,0.0,MISO_01_Natural_Gas_Fired_Combustion_Turbine_RC_015,MISO_01_CT_022,,
MISO_01_NaturalGas_082,01,23.3,0.0,MISO_01_Natural_Gas_Fired_Combustion_Turbine_RC_019,MISO_01_CT_032,,
MISO_01_NaturalGas_083,01,169.2,0.0,MISO_01_Natural_Gas_Fired_Combustion_Turbine_RC_021,MISO_01_CT_048,,
MISO_01_NaturalGas_084,01,191.3,0.0,MISO_01_Natural_Gas_Fired_Combustion_Turbine_RC_024,MISO_01_CT_053,,
MISO_01_NaturalGas_085,01,71.0,0.0,MISO_01_Natural_Gas_Fired_Combustion_Turbine_RC_025,MISO_01_CT_058,,
MISO_01_NaturalGas_086,01,21.0,0.0,MISO_01_Natural_Gas_Fired_Combustion_Turbine_RC_027,MISO_01_CT_061,,
MISO_01_NaturalGas_087,01,25.0,0.0,MISO_01_Natural_Gas_Fired_Combustion_Turbine_RC_028,MISO_01_CT_063,,
MISO_01_NaturalGas_088,01,60.4,0.0,MISO_01_Natural_Gas_Fired_Combustion_Turbine_RC_030,MISO_01_CT_066,,
MISO_01_NaturalGas_089,01,249.1,0.0,MISO_01_Natural_Gas_Fired_Combustion_Turbine_RC_032,MISO_01_CT_070,,
MISO_01_NaturalGas_090,01,280.79999999999995,0.0,MISO_01_Natural_Gas_Fired_Combustion_Turbine_RC_033,MISO_01_CT_072,,
MISO_01_NaturalGas_091,01,238.0,0.0,MISO_01_Natural_Gas_Fired_Combustion_Turbine_RC_034,MISO_01_CT_073,,
MISO_01_NaturalGas_092,01,381.6,0.0,MISO_01_Natural_Gas_Fired_Combustion_Turbine_RC_035,MISO_01_CT_074,,
MISO_01_NaturalGas_093,01,349.0,0.0,MISO_01_Natural_Gas_Fired_Combustion_Turbine_RC_036,MISO_01_CT_076,,
MISO_01_NaturalGas_095,01,346.8,0.0,MISO_01_Natural_Gas_Fired_Combustion_Turbine_RC_039,MISO_01_CT_080,,
MISO_01_NaturalGas_096,01,89.6,0.0,MISO_01_Natural_Gas_Fired_Combustion_Turbine_RC_043,MISO_01_CT_092,,
MISO_01_NaturalGas_097,01,405.70000000000005,0.0,MISO_01_Natural_Gas_Fired_Combustion_Turbine_RC_044,MISO_01_CT_097,,
MISO_01_NaturalGas_098,01,116.0,0.0,MISO_01_Natural_Gas_Steam_Turbine_RC_007,MISO_01_ST_012,,
MISO_01_NaturalGas_099,01,35.9,0.0,MISO_01_Natural_Gas_Steam_Turbine_RC_008,MISO_01_ST_013,,
MISO_01_NaturalGas_100,01,26.5,0.0,MISO_01_Natural_Gas_Steam_Turbine_RC_010,MISO_01_ST_017,,
MISO_01_NaturalGas_101,01,106.2,0.0,MISO_01_Natural_Gas_Steam_Turbine_RC_014,MISO_01_ST_021,,
MISO_01_NaturalGas_102,01,27.2,0.0,MISO_01_Natural_Gas_Steam_Turbine_RC_018,MISO_01_ST_030,,
MISO_01_NaturalGas_103,01,10.0,0.0,MISO_01_Natural_Gas_Steam_Turbine_RC_020,MISO_01_ST_044,,
MISO_01_NaturalGas_104,01,13.0,0.0,MISO_01_Natural_Gas_Steam_Turbine_RC_027,MISO_01_ST_061,,
MISO_01_NaturalGas_105,01,23.1,0.0,MISO_01_Natural_Gas_Steam_Turbine_RC_038,MISO_01_ST_078,,
MISO_01_NaturalGas_106,01,22.0,0.0,MISO_01_Natural_Gas_Steam_Turbine_RC_041,MISO_01_ST_085,,
MISO_01_NaturalGas_107,01,14.3,0.0,MISO_01_Natural_Gas_Steam_Turbine_RC_043,MISO_01_ST_092,,
MISO_01_NaturalGas_108,01,3.6,0.0,MISO_01_Natural_Gas_Steam_Turbine_RC_045,MISO_01_ST_102,,
MISO_01_NaturalGas_109,01,18.6,0.0,,MISO_01_CT_009,,
MISO_01_NaturalGas_110,01,2.6,0.0,,MISO_01_CT_031,,
MISO_01_NaturalGas_111,01,6.800000000000001,0.0,,MISO_01_CT_035,,
MISO_01_NaturalGas_112,01,12.1,0.0,,MISO_01_CT_046,,
MISO_01_NaturalGas_113,01,28.400000000000002,0.0,,MISO_01_CT_063,,
MISO_01_NaturalGas_114,01,131.6,0.0,,MISO_01_CT_067,,
MISO_01_NaturalGas_115,01,49.0,0.0,,MISO_01_CT_070,,
MISO_01_NaturalGas_116,01,75.9,0.0,,MISO_01_CT_074,,
MISO_01_NaturalGas_117,01,16.9,0.0,,MISO_01_CT_082,,
MISO_01_NaturalGas_118,01,6.0,0.0,,MISO_01_CT_086,,
MISO_01_NaturalGas_119,01,46.5,0.0,,MISO_01_CT_092,,
MISO_01_NaturalGas_120,01,1.1,0.0,,MISO_01_CT_093,,
MISO_01_NaturalGas_121,01,3.1,0.0,,MISO_01_CT_095,,
MISO_01_Nuclear_122,01,685.0,0.0,,MISO_01_NU_050,,
MISO_01_Nuclear_123,01,1186.2,0.0,,MISO_01_NU_071,,
MISO_01_ThermalOther_124,01,1.6,0.0,,MISO_01_CT_035,,
MISO_01_ThermalOther_126,01,3.2,0.0,,MISO_01_CT_045,,
MISO_01_ThermalOther_127,01,2.4000000000000004,0.0,,MISO_01_CT_068,,
MISO_01_ThermalOther_129,01,3.2,0.0,,MISO_01_CT_075,,
MISO_01_ThermalOther_130,01,1.1,0.0,,MISO_01_CT_090,,
MISO_01_ThermalOther_131,01,52.3,0.0,,MISO_01_ST_001,,
MISO_01_ThermalOther_132,01,9.8,0.0,,MISO_01_ST_026,,
MISO_01_ThermalOther_133,01,72.8,0.0,,MISO_01_ST_027,,
MISO_01_ThermalOther_134,01,88.30000000000001,0.0,,MISO_01_ST_028,,
MISO_01_ThermalOther_135,01,20.0,0.0,,MISO_01_ST_030,,
MISO_01_ThermalOther_136,01,15.7,0.0,,MISO_01_ST_043,,
MISO_01_ThermalOther_137,01,3.2,0.0,,MISO_01_ST_046,,
MISO_01_ThermalOther_138,01,37.0,0.0,,MISO_01_ST_060,,
MISO_01_ThermalOther_139,01,39.5,0.0,,MISO_01_ST_061,,
MISO_01_ThermalOther_140,01,77.5,0.0,,MISO_01_ST_067,,
MISO_01_ThermalOther_141,01,23.4,0.0,,MISO_01_ST_074,,
MISO_01_ThermalOther_142,01,23.0,0.0,,MISO_01_ST_079,,
MISO_01_ThermalOther_143,01,8.0,0.0,,MISO_01_ST_083,,
MISO_01_ThermalOther_144,01,13.1,0.0,,MISO_01_ST_085,,
MISO_01_ThermalOther_145,01,11.6,0.0,,MISO_01_ST_092,,
MISO_01_ThermalOther_146,01,30.4,0.0,,MISO_01_ST_094,,
MISO_01_ThermalOther_147,01,1.8,0.0,,MISO_01_ST_100,,
MISO_01_ThermalOther_148,01,5.4,0.0,,MISO_01_ST_101,,
MISO_01_solar_001,01,1.0,0.0,,,MISO_01_solar_001,
MISO_01_solar_003,01,5.6,0.0,,,MISO_01_solar_003,
MISO_01_solar_004,01,2.0,0.0,,,MISO_01_solar_004,
MISO_01_solar_005,01,6.0,0.0,,,MISO_01_solar_005,
MISO_01_solar_006,01,1.6,0.0,,,MISO_01_solar_006,
MISO_01_solar_007,01,1.0,0.0,,,MISO_01_solar_007,
MISO_01_solar_008,01,0.5,0.0,,,MISO_01_solar_008,
MISO_01_solar_009,01,1.0,0.0,,,MISO_01_solar_009,
MISO_01_solar_011,01,5.8,0.0,,,MISO_01_solar_011,
MISO_01_solar_012,01,49.9,0.0,,,MISO_01_solar_012,
MISO_01_solar_013,01,26.1,0.0,,,MISO_01_solar_013,
MISO_01_solar_014,01,2.0,0.0,,,MISO_01_solar_014,
MISO_01_solar_015,01,3.0,0.0,,,MISO_01_solar_015,
MISO_01_solar_016,01,8.0,0.0,,,MISO_01_solar_016,
MISO_01_solar_017,01,2.5,0.0,,,MISO_01_solar_017,
MISO_01_solar_018,01,6.0,0.0,,,MISO_01_solar_018,
MISO_01_solar_019,01,19.0,0.0,,,MISO_01_solar_019,
MISO_01_solar_020,01,5.0,0.0,,,MISO_01_solar_020,
MISO_01_solar_021,01,18.0,0.0,,,MISO_01_solar_021,
MISO_01_solar_022,01,3.0,0.0,,,MISO_01_solar_022,
MISO_01_solar_023,01,2.0,0.0,,,MISO_01_solar_023,
MISO_01_solar_024,01,8.0,0.0,,,MISO_01_solar_024,
MISO_01_solar_025,01,11.0,0.0,,,MISO_01_solar_025,
MISO_01_solar_026,01,1.4,0.0,,,MISO_01_solar_026,
MISO_01_solar_027,01,7.5,0.0,,,MISO_01_solar_027,
MISO_01_solar_028,01,6.8,0.0,,,MISO_01_solar_028,
MISO_01_solar_029,01,2.5,0.0,,,MISO_01_solar_029,
MISO_01_solar_030,01,2.0,0.0,,,MISO_01_solar_030,
MISO_01_solar_031,01,1.0,0.0,,,MISO_01_solar_031,
MISO_01_solar_032,01,169.3,0.0,,,MISO_01_solar_032,
MISO_01_solar_033,01,5.0,0.0,,,MISO_01_solar_033,
MISO_01_solar_034,01,15.899999999999999,0.0,,,MISO_01_solar_034,
MISO_01_solar_035,01,3.0,0.0,,,MISO_01_solar_035,
MISO_01_solar_036,01,248.1,0.0,,,MISO_01_solar_036,
MISO_01_solar_037,01,284.0,0.0,,,MISO_01_solar_037,
MISO_01_solar_038,01,23.0,0.0,,,MISO_01_solar_038,
MISO_01_solar_039,01,7.0,0.0,,,MISO_01_solar_039,
MISO_01_solar_040,01,22.0,0.0,,,MISO_01_solar_040,
MISO_01_solar_041,01,12.0,0.0,,,MISO_01_solar_041,
MISO_01_solar_042,01,2.0,0.0,,,MISO_01_solar_042,
MISO_01_solar_043,01,1.0,0.0,,,MISO_01_solar_043,
MISO_01_solar_044,01,2.5,0.0,,,MISO_01_solar_044,
MISO_01_solar_046,01,26.5,0.0,,,MISO_01_solar_046,
MISO_01_solar_047,01,1.0,0.0,,,MISO_01_solar_047,
MISO_01_solar_048,01,14.4,0.0,,,MISO_01_solar_048,
MISO_01_solar_049,01,35.8,0.0,,,MISO_01_solar_049,
MISO_01_solar_050,01,26.6,0.0,,,MISO_01_solar_050,
MISO_01_solar_051,01,7.9,0.0,,,MISO_01_solar_051,
MISO_01_solar_052,01,7.0,0.0,,,MISO_01_solar_052,
MISO_01_solar_053,01,1.0,0.0,,,MISO_01_solar_053,
MISO_01_solar_054,01,3.0,0.0,,,MISO_01_solar_054,
MISO_01_solar_055,01,2.0,0.0,,,MISO_01_solar_055,
MISO_01_solar_056,01,1.5,0.0,,,MISO_01_solar_056,
MISO_01_solar_057,01,5.0,0.0,,,MISO_01_solar_057,
MISO_01_solar_058,01,1.5,0.0,,,MISO_01_solar_058,
MISO_01_solar_059,01,1.5,0.0,,,MISO_01_solar_059,
MISO_01_solar_060,01,2.2,0.0,,,MISO_01_solar_060,
MISO_01_solar_061,01,2.9,0.0,,,MISO_01_solar_061,
MISO_01_solar_062,01,4.0,0.0,,,MISO_01_solar_062,
MISO_01_solar_063,01,3.1999999999999997,0.0,,,MISO_01_solar_063,
MISO_01_solar_064,01,12.0,0.0,,,MISO_01_solar_064,
MISO_01_solar_065,01,17.9,0.0,,,MISO_01_solar_065,
MISO_01_solar_066,01,1.0,0.0,,,MISO_01_solar_066,
MISO_01_solar_067,01,2.0,0.0,,,MISO_01_solar_067,
MISO_01_solar_068,01,5.0,0.0,,,MISO_01_solar_068,
MISO_01_solar_069,01,11.0,0.0,,,MISO_01_solar_069,
MISO_01_solar_070,01,12.0,0.0,,,MISO_01_solar_070,
MISO_01_solar_071,01,13.0,0.0,,,MISO_01_solar_071,
MISO_01_solar_072,01,1.0,0.0,,,MISO_01_solar_072,
MISO_01_solar_073,01,1.0,0.0,,,MISO_01_solar_073,
MISO_01_solar_074,01,2.0,0.0,,,MISO_01_solar_074,
MISO_01_solar_075,01,20.4,0.0,,,MISO_01_solar_075,
MISO_01_solar_076,01,16.0,0.0,,,MISO_01_solar_076,
MISO_01_solar_077,01,21.0,0.0,,,MISO_01_solar_077,
MISO_01_solar_078,01,5.3,0.0,,,MISO_01_solar_078,
MISO_01_solar_079,01,7.0,0.0,,,MISO_01_solar_079,
MISO_01_solar_080,01,29.3,0.0,,,MISO_01_solar_080,
MISO_01_solar_081,01,5.0,0.0,,,MISO_01_solar_081,
MISO_01_solar_082,01,7.0,0.0,,,MISO_01_solar_082,
MISO_01_solar_083,01,5.0,0.0,,,MISO_01_solar_083,
MISO_01_solar_084,01,0.9,0.0,,,MISO_01_solar_084,
MISO_01_solar_085,01,1.0,0.0,,,MISO_01_solar_085,
MISO_01_solar_086,01,1.5,0.0,,,MISO_01_solar_086,
MISO_01_solar_087,01,8.0,0.0,,,MISO_01_solar_087,
MISO_01_solar_088,01,13.8,0.0,,,MISO_01_solar_088,
MISO_01_solar_089,01,9.5,0.0,,,MISO_01_solar_089,
MISO_01_solar_090,01,58.0,0.0,,,MISO_01_solar_090,
MISO_01_solar_091,01,34.5,0.0,,,MISO_01_solar_091,
MISO_01_solar_092,01,6.0,0.0,,,MISO_01_solar_092,
MISO_01_solar_093,01,9.5,0.0,,,MISO_01_solar_093,
MISO_01_solar_094,01,1.0,0.0,,,MISO_01_solar_094,
MISO_01_solar_095,01,150.0,0.0,,,MISO_01_solar_095,
MISO_01_solar_096,01,3.0,0.0,,,MISO_01_solar_096,
MISO_01_solar_097,01,2.5,0.0,,,MISO_01_solar_097,
MISO_01_solar_098,01,5.0,0.0,,,MISO_01_solar_098,
MISO_01_solar_099,01,3.0,0.0,,,MISO_01_solar_099,
MISO_01_solar_100,01,0.9,0.0,,,MISO_01_solar_100,
MISO_01_solar_101,01,4.0,0.0,,,MISO_01_solar_101,
MISO_01_solar_102,01,4.0,0.0,,,MISO_01_solar_102,
MISO_01_solar_103,01,22.0,0.0,,,MISO_01_solar_103,
MISO_01_solar_105,01,13.5,0.0,,,MISO_01_solar_105,
MISO_01_solar_106,01,22.8,0.0,,,MISO_01_solar_106,
MISO_01_solar_107,01,1.0,0.0,,,MISO_01_solar_107,
MISO_01_solar_108,01,4.0,0.0,,,MISO_01_solar_108,
MISO_01_solar_109,01,8.8,0.0,,,MISO_01_solar_109,
MISO_01_solar_110,01,4.9,0.0,,,MISO_01_solar_110,
MISO_01_solar_111,01,16.0,0.0,,,MISO_01_solar_111,
MISO_01_solar_112,01,4.0,0.0,,,MISO_01_solar_112,
MISO_01_solar_113,01,2.0,0.0,,,MISO_01_solar_113,
MISO_01_solar_114,01,5.0,0.0,,,MISO_01_solar_114,
MISO_01_solar_115,01,1.0,0.0,,,MISO_01_solar_115,
MISO_01_solar_116,01,6.0,0.0,,,MISO_01_solar_116,
MISO_01_solar_117,01,1.0,0.0,,,MISO_01_solar_117,
MISO_01_solar_118,01,1.1,0.0,,,MISO_01_solar_118,
MISO_01_solar_119,01,1.5,0.0,,,MISO_01_solar_119,
MISO_01_solar_120,01,45.0,0.0,,,MISO_01_solar_120,
MISO_01_solar_121,01,50.0,0.0,,,MISO_01_solar_121,
MISO_01_solar_122,01,4.0,0.0,,,MISO_01_solar_122,
MISO_01_solar_123,01,200.0,0.0,,,MISO_01_solar_123,
MISO_01_solar_124,01,50.0,0.0,,,MISO_01_solar_124,
MISO_01_solar_125,01,4.0,0.0,,,MISO_01_solar_125,
MISO_01_solar_126,01,1.2,0.0,,,MISO_01_solar_126,
MISO_01_solar_127,01,5.8,0.0,,,MISO_01_solar_127,
MISO_01_solar_128,01,2.0,0.0,,,MISO_01_solar_128,
MISO_01_solar_129,01,1.5,0.0,,,MISO_01_solar_129,
MISO_01_solar_130,01,2.0,0.0,,,MISO_01_solar_130,
MISO_01_solar_131,01,5.0,0.0,,,MISO_01_solar_131,
MISO_01_solar_132,01,2.0,0.0,,,MISO_01_solar_132,
MISO_01_solar_133,01,12.0,0.0,,,MISO_01_solar_133,
MISO_01_wind_001,01,150.0,0.0,,,,MISO_01_wind_001
MISO_01_wind_002,01,199.5,0.0,,,,MISO_01_wind_002
MISO_01_wind_003,01,149.0,0.0,,,,MISO_01_wind_003
MISO_01_wind_004,01,111.9,0.0,,,,MISO_01_wind_004
MISO_01_wind_005,01,4.6,0.0,,,,MISO_01_wind_005
MISO_01_wind_007,01,25.0,0.0,,,,MISO_01_wind_007
MISO_01_wind_009,01,201.4,0.0,,,,MISO_01_wind_009
MISO_01_wind_010,01,98.6,0.0,,,,MISO_01_wind_010
MISO_01_wind_011,01,428.4,0.0,,,,MISO_01_wind_011
MISO_01_wind_012,01,200.0,0.0,,,,MISO_01_wind_012
MISO_01_wind_013,01,1.9,0.0,,,,MISO_01_wind_013
MISO_01_wind_014,01,99.3,0.0,,,,MISO_01_wind_014
MISO_01_wind_015,01,51.8,0.0,,,,MISO_01_wind_015
MISO_01_wind_016,01,603.5,0.0,,,,MISO_01_wind_016
MISO_01_wind_017,01,2.0,0.0,,,,MISO_01_wind_017
MISO_01_wind_018,01,61.5,0.0,,,,MISO_01_wind_018
MISO_01_wind_019,01,250.0,0.0,,,,MISO_01_wind_019
MISO_01_wind_020,01,200.0,0.0,,,,MISO_01_wind_020
MISO_01_wind_021,01,19.5,0.0,,,,MISO_01_wind_021
MISO_01_wind_022,01,300.0,0.0,,,,MISO_01_wind_022
MISO_01_wind_023,01,30.0,0.0,,,,MISO_01_wind_023
MISO_01_wind_024,01,155.5,0.0,,,,MISO_01_wind_024
MISO_01_wind_025,01,180.0,0.0,,,,MISO_01_wind_025
MISO_01_wind_026,01,21.0,0.0,,,,MISO_01_wind_026
MISO_01_wind_027,01,78.0,0.0,,,,MISO_01_wind_027
MISO_01_wind_028,01,3.4,0.0,,,,MISO_01_wind_028
MISO_01_wind_029,01,304.0,0.0,,,,MISO_01_wind_029
MISO_01_wind_030,01,20.0,0.0,,,,MISO_01_wind_030
MISO_01_wind_031,01,4.0,0.0,,,,MISO_01_wind_031
MISO_01_wind_032,01,200.1,0.0,,,,MISO_01_wind_032
MISO_01_wind_033,01,200.6,0.0,,,,MISO_01_wind_033
MISO_01_wind_034,01,200.0,0.0,,,,MISO_01_wind_034
MISO_01_wind_035,01,20.0,0.0,,,,MISO_01_wind_035
MISO_01_wind_036,01,300.0,0.0,,,,MISO_01_wind_036
MISO_01_wind_037,01,2.5,0.0,,,,MISO_01_wind_037
MISO_01_wind_038,01,364.0,0.0,,,,MISO_01_wind_038
MISO_01_wind_039,01,4.800000000000001,0.0,,,,MISO_01_wind_039
MISO_01_wind_040,01,50.4,0.0,,,,MISO_01_wind_040
MISO_01_wind_041,01,2.0,0.0,,,,MISO_01_wind_041
MISO_01_wind_042,01,6.5,0.0,,,,MISO_01_wind_042
MISO_01_wind_043,01,5.0,0.0,,,,MISO_01_wind_043
MISO_01_wind_044,01,91.6,0.0,,,,MISO_01_wind_044
MISO_02_BatteryStorage_003,02,5.0,10.0,,,,
MISO_02_BatteryStorage_004,02,100.0,440.0,,,,
MISO_02_BatteryStorage_005,02,0.3,0.4,,,,
MISO_02_Coal_001,02,413.7,0.0,MISO_02_Conventional_Steam_Coal_RC_010,MISO_02_ST_018,,
MISO_02_Coal_002,02,1112.0,0.0,MISO_02_Conventional_Steam_Coal_RC_011,MISO_02_ST_019,,
MISO_02_Coal_003,02,2044.1999999999998,0.0,MISO_02_Conventional_Steam_Coal_RC_020,MISO_02_ST_028,,
MISO_02_FuelOil_004,02,5.0,0.0,,MISO_02_CT_001,,
MISO_02_FuelOil_005,02,25.0,0.0,,MISO_02_CT_009,,
MISO_02_FuelOil_006,02,8.299999999999999,0.0,,MISO_02_CT_010,,
MISO_02_FuelOil_007,02,6.6,0.0,,MISO_02_CT_014,,
MISO_02_FuelOil_008,02,2.3,0.0,,MISO_02_CT_015,,
MISO_02_FuelOil_009,02,244.8,0.0,,MISO_02_CT_022,,
MISO_02_FuelOil_010,02,101.0,0.0,,MISO_02_CT_023,,
MISO_02_FuelOil_011,02,2.7,0.0,,MISO_02_CT_027,,
MISO_02_FuelOil_012,02,2.2,0.0,,MISO_02_CT_029,,
MISO_02_NaturalGas_013,02,685.3,0.0,MISO_02_Natural_Gas_Fired_Combined_Cycle_RC_005,MISO_02_CC_007,,
MISO_02_NaturalGas_014,02,1229.6,0.0,MISO_02_Natural_Gas_Fired_Combined_Cycle_RC_012,MISO_02_CC_020,,
MISO_02_NaturalGas_015,02,169.3,0.0,MISO_02_Natural_Gas_Fired_Combined_Cycle_RC_015,MISO_02_CC_023,,
MISO_02_NaturalGas_016,02,283.5,0.0,MISO_02_Natural_Gas_Fired_Combined_Cycle_RC_018,MISO_02_CC_026,,
MISO_02_NaturalGas_017,02,1398.1,0.0,MISO_02_Natural_Gas_Fired_Combined_Cycle_RC_022,MISO_02_CC_032,,
MISO_02_NaturalGas_018,02,270.1,0.0,MISO_02_Natural_Gas_Fired_Combustion_Turbine_RC_001,MISO_02_CT_002,,
MISO_02_NaturalGas_019,02,283.3,0.0,MISO_02_Natural_Gas_Fired_Combustion_Turbine_RC_003,MISO_02_CT_004,,
MISO_02_NaturalGas_020,02,371.0,0.0,MISO_02_Natural_Gas_Fired_Combustion_Turbine_RC_004,MISO_02_CT_006,,
MISO_02_NaturalGas_021,02,78.5,0.0,MISO_02_Natural_Gas_Fired_Combustion_Turbine_RC_005,MISO_02_CT_007,,
MISO_02_NaturalGas_022,02,24.5,0.0,MISO_02_Natural_Gas_Fired_Combustion_Turbine_RC_006,MISO_02_CT_013,,
MISO_02_NaturalGas_023,02,381.6,0.0,MISO_02_Natural_Gas_Fired_Combustion_Turbine_RC_008,MISO_02_CT_016,,
MISO_02_NaturalGas_024,02,346.8,0.0,MISO_02_Natural_Gas_Fired_Combustion_Turbine_RC_009,MISO_02_CT_017,,
MISO_02_NaturalGas_025,02,381.6,0.0,MISO_02_Natural_Gas_Fired_Combustion_Turbine_RC_013,MISO_02_CT_021,,
MISO_02_NaturalGas_026,02,90.9,0.0,MISO_02_Natural_Gas_Fired_Combustion_Turbine_RC_014,MISO_02_CT_022,,
MISO_02_NaturalGas_027,02,73.8,0.0,MISO_02_Natural_Gas_Fired_Combustion_Turbine_RC_015,MISO_02_CT_023,,
MISO_02_NaturalGas_028,02,41.6,0.0,MISO_02_Natural_Gas_Fired_Combustion_Turbine_RC_016,MISO_02_CT_024,,
MISO_02_NaturalGas_029,02,561.0,0.0,MISO_02_Natural_Gas_Fired_Combustion_Turbine_RC_017,MISO_02_CT_025,,
MISO_02_NaturalGas_030,02,22.1,0.0,MISO_02_Natural_Gas_Fired_Combustion_Turbine_RC_019,MISO_02_CT_027,,
MISO_02_NaturalGas_031,02,385.1,0.0,MISO_02_Natural_Gas_Fired_Combustion_Turbine_RC_021,MISO_02_CT_031,,
MISO_02_NaturalGas_032,02,7.6,0.0,MISO_02_Natural_Gas_Steam_Turbine_RC_002,MISO_02_ST_003,,
MISO_02_NaturalGas_033,02,47.599999999999994,0.0,MISO_02_Natural_Gas_Steam_Turbine_RC_003,MISO_02_ST_004,,
MISO_02_NaturalGas_034,02,12.0,0.0,MISO_02_Natural_Gas_Steam_Turbine_RC_005,MISO_02_ST_007,,
MISO_02_NaturalGas_035,02,2.0,0.0,MISO_02_Natural_Gas_Steam_Turbine_RC_007,MISO_02_ST_015,,
MISO_02_NaturalGas_036,02,109.7,0.0,MISO_02_Natural_Gas_Steam_Turbine_RC_015,MISO_02_ST_023,,
MISO_02_NaturalGas_037,02,272.0,0.0,MISO_02_Natural_Gas_Steam_Turbine_RC_019,MISO_02_ST_027,,
MISO_02_NaturalGas_038,02,3.0,0.0,,MISO_02_CT_032,,
MISO_02_Nuclear_039,02,1286.0,0.0,,MISO_02_NU_009,,
MISO_02_ThermalOther_040,02,4.800000000000001,0.0,,MISO_02_CT_008,,
MISO_02_ThermalOther_041,02,2.4000000000000004,0.0,,MISO_02_CT_011,,
MISO_02_ThermalOther_042,02,1.5,0.0,,MISO_02_CT_012,,
MISO_02_ThermalOther_043,02,12.8,0.0,,MISO_02_CT_022,,
MISO_02_ThermalOther_044,02,6.4,0.0,,MISO_02_CT_026,,
MISO_02_ThermalOther_045,02,18.4,0.0,,MISO_02_CT_027,,
MISO_02_ThermalOther_046,02,3.0,0.0,,MISO_02_CT_030,,
MISO_02_ThermalOther_047,02,3.5,0.0,,MISO_02_CT_031,,
MISO_02_ThermalOther_048,02,8.8,0.0,,MISO_02_CT_033,,
MISO_02_ThermalOther_049,02,1.4,0.0,,MISO_02_ST_005,,
MISO_02_ThermalOther_050,02,32.6,0.0,,MISO_02_ST_007,,
MISO_02_ThermalOther_051,02,117.4,0.0,,MISO_02_ST_013,,
MISO_02_ThermalOther_053,02,5.1,0.0,,MISO_02_ST_028,,
MISO_02_solar_001,02,6.0,0.0,,,MISO_02_solar_001,
MISO_02_solar_002,02,7.5,0.0,,,MISO_02_solar_002,
MISO_02_solar_004,02,250.0,0.0,,,MISO_02_solar_004,
MISO_02_solar_005,02,1.5,0.0,,,MISO_02_solar_005,
MISO_02_solar_006,02,2.5,0.0,,,MISO_02_solar_006,
MISO_02_solar_007,02,8.3,0.0,,,MISO_02_solar_007,
MISO_02_solar_008,02,99.0,0.0,,,MISO_02_solar_008,
MISO_02_solar_009,02,4.5,0.0,,,MISO_02_solar_009,
MISO_02_solar_010,02,1.5,0.0,,,MISO_02_solar_010,
MISO_02_solar_011,02,11.8,0.0,,,MISO_02_solar_011,
MISO_02_solar_012,02,1.6,0.0,,,MISO_02_solar_012,
MISO_02_solar_013,02,102.0,0.0,,,MISO_02_solar_013,
MISO_02_solar_014,02,10.0,0.0,,,MISO_02_solar_014,
MISO_02_solar_015,02,150.0,0.0,,,MISO_02_solar_015,
MISO_02_solar_016,02,3.1999999999999997,0.0,,,MISO_02_solar_016,
MISO_02_solar_018,02,50.0,0.0,,,MISO_02_solar_018,
MISO_02_solar_019,02,4.199999999999999,0.0,,,MISO_02_solar_019,
MISO_02_solar_021,02,10.8,0.0,,,MISO_02_solar_021,
MISO_02_solar_022,02,9.7,0.0,,,MISO_02_solar_022,
MISO_02_solar_023,02,300.0,0.0,,,MISO_02_solar_023,
MISO_02_solar_024,02,44.300000000000004,0.0,,,MISO_02_solar_024,
MISO_02_solar_025,02,29.0,0.0,,,MISO_02_solar_025,
MISO_02_solar_026,02,80.0,0.0,,,MISO_02_solar_026,
MISO_02_solar_027,02,3.3,0.0,,,MISO_02_solar_027,
MISO_02_solar_028,02,2.3,0.0,,,MISO_02_solar_028,
MISO_02_solar_029,02,5.8,0.0,,,MISO_02_solar_029,
MISO_02_solar_030,02,50.0,0.0,,,MISO_02_solar_030,
MISO_02_solar_031,02,53.7,0.0,,,MISO_02_solar_031,
MISO_02_solar_032,02,6.0,0.0,,,MISO_02_solar_032,
MISO_02_solar_033,02,7.5,0.0,,,MISO_02_solar_033,
MISO_02_solar_034,02,215.6,0.0,,,MISO_02_solar_034,
MISO_02_solar_035,02,2.3,0.0,,,MISO_02_solar_035,
MISO_02_solar_036,02,71.5,0.0,,,MISO_02_solar_036,
MISO_02_solar_037,02,250.0,0.0,,,MISO_02_solar_037,
MISO_02_solar_038,02,7.5,0.0,,,MISO_02_solar_038,
MISO_02_wind_001,02,11.0,0.0,,,,MISO_02_wind_001
MISO_02_wind_002,02,20.0,0.0,,,,MISO_02_wind_002
MISO_02_wind_004,02,145.2,0.0,,,,MISO_02_wind_004
MISO_02_wind_005,02,129.0,0.0,,,,MISO_02_wind_005
MISO_02_wind_006,02,67.7,0.0,,,,MISO_02_wind_006
MISO_02_wind_007,02,162.0,0.0,,,,MISO_02_wind_007
MISO_02_wind_008,02,54.0,0.0,,,,MISO_02_wind_008
MISO_02_wind_009,02,30.0,0.0,,,,MISO_02_wind_009
MISO_02_wind_010,02,9.9,0.0,,,,MISO_02_wind_010
MISO_02_wind_011,02,98.0,0.0,,,,MISO_02_wind_011
MISO_02_wind_012,02,3.0,0.0,,,,MISO_02_wind_012
MISO_03_BatteryStorage_001,03,0.3,0.6,,,,
MISO_03_BatteryStorage_002,03,1.1,4.0,,,,
MISO_03_BatteryStorage_003,03,2.5,2.9,,,,
MISO_03_BatteryStorage_004,03,5.0,10.0,,,,
MISO_03_BatteryStorage_005,03,5.0,30.6,,,,
MISO_03_Coal_001,03,1280.0,0.0,MISO_03_Conventional_Steam_Coal_RC_015,MISO_03_ST_050,,
MISO_03_Coal_002,03,306.1,0.0,MISO_03_Conventional_Steam_Coal_RC_016,MISO_03_ST_064,,
MISO_03_Coal_003,03,180.0,0.0,MISO_03_Conventional_Steam_Coal_RC_019,MISO_03_ST_068,,
MISO_03_Coal_004,03,275.5,0.0,MISO_03_Conventional_Steam_Coal_RC_023,MISO_03_ST_081,,
MISO_03_Coal_005,03,811.9,0.0,MISO_03_Conventional_Steam_Coal_RC_026,MISO_03_ST_092,,
MISO_03_Coal_006,03,1648.3,0.0,MISO_03_Conventional_Steam_Coal_RC_029,MISO_03_ST_095,,
MISO_03_Coal_007,03,725.9,0.0,MISO_03_Conventional_Steam_Coal_RC_030,MISO_03_ST_097,,
MISO_03_FuelOil_008,03,8.8,0.0,,MISO_03_CT_001,,
MISO_03_FuelOil_009,03,51.5,0.0,,MISO_03_CT_002,,
MISO_03_FuelOil_010,03,11.4,0.0,,MISO_03_CT_003,,
MISO_03_FuelOil_011,03,18.0,0.0,,MISO_03_CT_004,,
MISO_03_FuelOil_012,03,4.9,0.0,,MISO_03_CT_005,,
MISO_03_FuelOil_013,03,11.8,0.0,,MISO_03_CT_007,,
MISO_03_FuelOil_014,03,9.0,0.0,,MISO_03_CT_008,,
MISO_03_FuelOil_015,03,2.3,0.0,,MISO_03_CT_009,,
MISO_03_FuelOil_016,03,8.6,0.0,,MISO_03_CT_010,,
MISO_03_FuelOil_017,03,18.0,0.0,,MISO_03_CT_012,,
MISO_03_FuelOil_018,03,14.0,0.0,,MISO_03_CT_013,,
MISO_03_FuelOil_019,03,15.200000000000001,0.0,,MISO_03_CT_014,,
MISO_03_FuelOil_020,03,1.8,0.0,,MISO_03_CT_016,,
MISO_03_FuelOil_021,03,11.0,0.0,,MISO_03_CT_017,,
MISO_03_FuelOil_022,03,13.0,0.0,,MISO_03_CT_018,,
MISO_03_FuelOil_023,03,3.4000000000000004,0.0,,MISO_03_CT_019,,
MISO_03_FuelOil_024,03,14.0,0.0,,MISO_03_CT_020,,
MISO_03_FuelOil_025,03,17.7,0.0,,MISO_03_CT_021,,
MISO_03_FuelOil_026,03,4.0,0.0,,MISO_03_CT_022,,
MISO_03_FuelOil_027,03,6.3,0.0,,MISO_03_CT_023,,
MISO_03_FuelOil_028,03,1.6,0.0,,MISO_03_CT_024,,
MISO_03_FuelOil_029,03,7.2,0.0,,MISO_03_CT_025,,
MISO_03_FuelOil_030,03,90.2,0.0,,MISO_03_CT_026,,
MISO_03_FuelOil_031,03,22.0,0.0,,MISO_03_CT_027,,
MISO_03_FuelOil_032,03,4.2,0.0,,MISO_03_CT_028,,
MISO_03_FuelOil_033,03,3.1,0.0,,MISO_03_CT_029,,
MISO_03_FuelOil_034,03,23.8,0.0,,MISO_03_CT_030,,
MISO_03_FuelOil_035,03,2.0,0.0,,MISO_03_CT_031,,
MISO_03_FuelOil_036,03,1.5,0.0,,MISO_03_CT_032,,
MISO_03_FuelOil_037,03,2.1,0.0,,MISO_03_CT_033,,
MISO_03_FuelOil_038,03,5.4,0.0,,MISO_03_CT_034,,
MISO_03_FuelOil_039,03,2.9000000000000004,0.0,,MISO_03_CT_036,,
MISO_03_FuelOil_040,03,5.4,0.0,,MISO_03_CT_037,,
MISO_03_FuelOil_041,03,6.7,0.0,,MISO_03_CT_038,,
MISO_03_FuelOil_042,03,3.6,0.0,,MISO_03_CT_039,,
MISO_03_FuelOil_043,03,26.2,0.0,,MISO_03_CT_040,,
MISO_03_FuelOil_044,03,4.0,0.0,,MISO_03_CT_041,,
MISO_03_FuelOil_045,03,16.1,0.0,,MISO_03_CT_042,,
MISO_03_FuelOil_046,03,1.8,0.0,,MISO_03_CT_043,,
MISO_03_FuelOil_047,03,1.8,0.0,,MISO_03_CT_044,,
MISO_03_FuelOil_048,03,18.0,0.0,,MISO_03_CT_045,,
MISO_03_FuelOil_049,03,10.9,0.0,,MISO_03_CT_047,,
MISO_03_FuelOil_050,03,21.3,0.0,,MISO_03_CT_048,,
MISO_03_FuelOil_051,03,9.8,0.0,,MISO_03_CT_051,,
MISO_03_FuelOil_052,03,7.2,0.0,,MISO_03_CT_052,,
MISO_03_FuelOil_053,03,4.1,0.0,,MISO_03_CT_053,,
MISO_03_FuelOil_054,03,2.0,0.0,,MISO_03_CT_054,,
MISO_03_FuelOil_055,03,1.4,0.0,,MISO_03_CT_055,,
MISO_03_FuelOil_056,03,5.4,0.0,,MISO_03_CT_056,,
MISO_03_FuelOil_057,03,9.5,0.0,,MISO_03_CT_057,,
MISO_03_FuelOil_058,03,11.9,0.0,,MISO_03_CT_058,,
MISO_03_FuelOil_059,03,5.7,0.0,,MISO_03_CT_059,,
MISO_03_FuelOil_060,03,4.2,0.0,,MISO_03_CT_060,,
MISO_03_FuelOil_061,03,1.8,0.0,,MISO_03_CT_061,,
MISO_03_FuelOil_062,03,13.4,0.0,,MISO_03_CT_062,,
MISO_03_FuelOil_063,03,5.6,0.0,,MISO_03_CT_063,,
MISO_03_FuelOil_064,03,31.8,0.0,,MISO_03_CT_064,,
MISO_03_FuelOil_065,03,11.4,0.0,,MISO_03_CT_065,,
MISO_03_FuelOil_066,03,3.8,0.0,,MISO_03_CT_066,,
MISO_03_FuelOil_067,03,89.8,0.0,,MISO_03_CT_067,,
MISO_03_FuelOil_068,03,9.3,0.0,,MISO_03_CT_070,,
MISO_03_FuelOil_069,03,1.7,0.0,,MISO_03_CT_071,,
MISO_03_FuelOil_070,03,21.6,0.0,,MISO_03_CT_073,,
MISO_03_FuelOil_071,03,4.6,0.0,,MISO_03_CT_074,,
MISO_03_FuelOil_072,03,2.0,0.0,,MISO_03_CT_076,,
MISO_03_FuelOil_073,03,4.5,0.0,,MISO_03_CT_078,,
MISO_03_FuelOil_074,03,3.4,0.0,,MISO_03_CT_079,,
MISO_03_FuelOil_075,03,13.600000000000001,0.0,,MISO_03_CT_081,,
MISO_03_FuelOil_076,03,16.5,0.0,,MISO_03_CT_082,,
MISO_03_FuelOil_077,03,6.0,0.0,,MISO_03_CT_083,,
MISO_03_FuelOil_078,03,5.6,0.0,,MISO_03_CT_084,,
MISO_03_FuelOil_079,03,44.0,0.0,,MISO_03_CT_085,,
MISO_03_FuelOil_080,03,40.900000000000006,0.0,,MISO_03_CT_086,,
MISO_03_FuelOil_081,03,10.0,0.0,,MISO_03_CT_087,,
MISO_03_FuelOil_082,03,7.1000000000000005,0.0,,MISO_03_CT_088,,
MISO_03_FuelOil_083,03,13.0,0.0,,MISO_03_CT_089,,
MISO_03_FuelOil_084,03,2.9,0.0,,MISO_03_CT_090,,
MISO_03_FuelOil_085,03,8.0,0.0,,MISO_03_CT_096,,
MISO_03_FuelOil_086,03,6.1,0.0,,MISO_03_CT_098,,
MISO_03_FuelOil_087,03,6.8,0.0,,MISO_03_CT_099,,
MISO_03_FuelOil_088,03,4.0,0.0,,MISO_03_CT_100,,
MISO_03_FuelOil_089,03,20.0,0.0,,MISO_03_CT_101,,
MISO_03_FuelOil_090,03,10.5,0.0,,MISO_03_CT_103,,
MISO_03_NaturalGas_091,03,740.8,0.0,MISO_03_Natural_Gas_Fired_Combined_Cycle_RC_002,MISO_03_CC_006,,
MISO_03_NaturalGas_092,03,602.8,0.0,MISO_03_Natural_Gas_Fired_Combined_Cycle_RC_008,MISO_03_CC_026,,
MISO_03_NaturalGas_093,03,705.9,0.0,MISO_03_Natural_Gas_Fired_Combined_Cycle_RC_017,MISO_03_CC_065,,
MISO_03_NaturalGas_094,03,576.3,0.0,MISO_03_Natural_Gas_Fired_Combined_Cycle_RC_024,MISO_03_CC_086,,
MISO_03_NaturalGas_095,03,50.0,0.0,MISO_03_Natural_Gas_Fired_Combined_Cycle_RC_033,MISO_03_CC_104,,
MISO_03_NaturalGas_096,03,19.0,0.0,MISO_03_Natural_Gas_Fired_Combustion_Turbine_RC_004,MISO_03_CT_011,,
MISO_03_NaturalGas_097,03,535.8,0.0,MISO_03_Natural_Gas_Fired_Combustion_Turbine_RC_005,MISO_03_CT_013,,
MISO_03_NaturalGas_098,03,467.8,0.0,MISO_03_Natural_Gas_Fired_Combustion_Turbine_RC_006,MISO_03_CT_015,,
MISO_03_NaturalGas_099,03,7.5,0.0,MISO_03_Natural_Gas_Fired_Combustion_Turbine_RC_007,MISO_03_CT_023,,
MISO_03_NaturalGas_100,03,36.0,0.0,MISO_03_Natural_Gas_Fired_Combustion_Turbine_RC_011,MISO_03_CT_035,,
MISO_03_NaturalGas_101,03,307.5,0.0,MISO_03_Natural_Gas_Fired_Combustion_Turbine_RC_012,MISO_03_CT_046,,
MISO_03_NaturalGas_102,03,38.5,0.0,MISO_03_Natural_Gas_Fired_Combustion_Turbine_RC_016,MISO_03_CT_064,,
MISO_03_NaturalGas_103,03,189.0,0.0,MISO_03_Natural_Gas_Fired_Combustion_Turbine_RC_017,MISO_03_CT_065,,
MISO_03_NaturalGas_104,03,3.0,0.0,MISO_03_Natural_Gas_Fired_Combustion_Turbine_RC_018,MISO_03_CT_067,,
MISO_03_NaturalGas_105,03,72.0,0.0,MISO_03_Natural_Gas_Fired_Combustion_Turbine_RC_020,MISO_03_CT_071,,
MISO_03_NaturalGas_106,03,128.0,0.0,MISO_03_Natural_Gas_Fired_Combustion_Turbine_RC_021,MISO_03_CT_076,,
MISO_03_NaturalGas_107,03,157.6,0.0,MISO_03_Natural_Gas_Fired_Combustion_Turbine_RC_022,MISO_03_CT_077,,
MISO_03_NaturalGas_109,03,179.8,0.0,MISO_03_Natural_Gas_Fired_Combustion_Turbine_RC_024,MISO_03_CT_086,,
MISO_03_NaturalGas_110,03,10.0,0.0,MISO_03_Natural_Gas_Fired_Combustion_Turbine_RC_025,MISO_03_CT_091,,
MISO_03_NaturalGas_111,03,62.3,0.0,MISO_03_Natural_Gas_Fired_Combustion_Turbine_RC_028,MISO_03_CT_094,,
MISO_03_NaturalGas_112,03,78.8,0.0,MISO_03_Natural_Gas_Fired_Combustion_Turbine_RC_032,MISO_03_CT_102,,
MISO_03_NaturalGas_113,03,27.0,0.0,MISO_03_Natural_Gas_Steam_Turbine_RC_001,MISO_03_ST_002,,
MISO_03_NaturalGas_114,03,6.1,0.0,MISO_03_Natural_Gas_Steam_Turbine_RC_002,MISO_03_ST_006,,
MISO_03_NaturalGas_115,03,1.0,0.0,MISO_03_Natural_Gas_Steam_Turbine_RC_003,MISO_03_ST_007,,
MISO_03_NaturalGas_116,03,4.0,0.0,MISO_03_Natural_Gas_Steam_Turbine_RC_009,MISO_03_ST_027,,
MISO_03_NaturalGas_117,03,3.5,0.0,MISO_03_Natural_Gas_Steam_Turbine_RC_010,MISO_03_ST_029,,
MISO_03_NaturalGas_118,03,59.0,0.0,MISO_03_Natural_Gas_Steam_Turbine_RC_012,MISO_03_ST_046,,
MISO_03_NaturalGas_119,03,5.0,0.0,MISO_03_Natural_Gas_Steam_Turbine_RC_013,MISO_03_ST_048,,
MISO_03_NaturalGas_120,03,5.0,0.0,MISO_03_Natural_Gas_Steam_Turbine_RC_014,MISO_03_ST_049,,
MISO_03_NaturalGas_121,03,148.8,0.0,MISO_03_Natural_Gas_Steam_Turbine_RC_016,MISO_03_ST_064,,
MISO_03_NaturalGas_122,03,148.6,0.0,MISO_03_Natural_Gas_Steam_Turbine_RC_018,MISO_03_ST_067,,
MISO_03_NaturalGas_123,03,30.8,0.0,MISO_03_Natural_Gas_Steam_Turbine_RC_020,MISO_03_ST_071,,
MISO_03_NaturalGas_124,03,7.9,0.0,MISO_03_Natural_Gas_Steam_Turbine_RC_021,MISO_03_ST_076,,
MISO_03_NaturalGas_125,03,40.0,0.0,MISO_03_Natural_Gas_Steam_Turbine_RC_027,MISO_03_ST_093,,
MISO_03_NaturalGas_126,03,5.0,0.0,MISO_03_Natural_Gas_Steam_Turbine_RC_031,MISO_03_ST_099,,
MISO_03_NaturalGas_127,03,212.0,0.0,MISO_03_Natural_Gas_Steam_Turbine_RC_032,MISO_03_ST_102,,
MISO_03_NaturalGas_128,03,5.8,0.0,,MISO_03_CT_001,,
MISO_03_NaturalGas_129,03,38.8,0.0,,MISO_03_CT_011,,
MISO_03_NaturalGas_130,03,2.4000000000000004,0.0,,MISO_03_CT_014,,
MISO_03_NaturalGas_131,03,7.199999999999999,0.0,,MISO_03_CT_016,,
MISO_03_NaturalGas_132,03,26.0,0.0,,MISO_03_CT_018,,
MISO_03_NaturalGas_133,03,9.4,0.0,,MISO_03_CT_025,,
MISO_03_NaturalGas_134,03,10.9,0.0,,MISO_03_CT_040,,
MISO_03_NaturalGas_135,03,16.1,0.0,,MISO_03_CT_055,,
MISO_03_NaturalGas_136,03,2.0,0.0,,MISO_03_CT_058,,
MISO_03_NaturalGas_137,03,1.8,0.0,,MISO_03_CT_061,,
MISO_03_NaturalGas_138,03,19.0,0.0,,MISO_03_CT_062,,
MISO_03_NaturalGas_139,03,1.0,0.0,,MISO_03_CT_064,,
MISO_03_NaturalGas_140,03,2.5,0.0,,MISO_03_CT_066,,
MISO_03_NaturalGas_141,03,8.0,0.0,,MISO_03_CT_071,,
MISO_03_NaturalGas_142,03,2.8,0.0,,MISO_03_CT_072,,
MISO_03_NaturalGas_143,03,4.2,0.0,,MISO_03_CT_084,,
MISO_03_NaturalGas_144,03,7.6000000000000005,0.0,,MISO_03_CT_087,,
MISO_03_NaturalGas_145,03,56.400000000000006,0.0,,MISO_03_CT_094,,
MISO_03_ThermalOther_146,03,4.0,0.0,,MISO_03_CT_021,,
MISO_03_ThermalOther_147,03,11.200000000000001,0.0,,MISO_03_CT_075,,
MISO_03_ThermalOther_148,03,25.0,0.0,,MISO_03_ST_006,,
MISO_03_ThermalOther_149,03,1.0,0.0,,MISO_03_ST_069,,
MISO_03_ThermalOther_150,03,2.8,0.0,,MISO_03_ST_076,,
MISO_03_ThermalOther_151,03,1.6,0.0,,MISO_03_ST_080,,
MISO_03_ThermalOther_152,03,34.4,0.0,,MISO_03_ST_104,,
MISO_03_solar_001,03,1.0,0.0,,,MISO_03_solar_001,
MISO_03_solar_002,03,1.0,0.0,,,MISO_03_solar_002,
MISO_03_solar_003,03,1.0,0.0,,,MISO_03_solar_003,
MISO_03_solar_004,03,1.0,0.0,,,MISO_03_solar_004,
MISO_03_solar_005,03,4.0,0.0,,,MISO_03_solar_005,
MISO_03_solar_006,03,4.3,0.0,,,MISO_03_solar_006,
MISO_03_solar_007,03,11.4,0.0,,,MISO_03_solar_007,
MISO_03_solar_008,03,1.0,0.0,,,MISO_03_solar_008,
MISO_03_solar_009,03,77.3,0.0,,,MISO_03_solar_009,
MISO_03_solar_010,03,9.0,0.0,,,MISO_03_solar_010,
MISO_03_solar_011,03,14.4,0.0,,,MISO_03_solar_011,
MISO_03_solar_012,03,2.0,0.0,,,MISO_03_solar_012,
MISO_03_solar_013,03,23.5,0.0,,,MISO_03_solar_013,
MISO_03_solar_014,03,11.0,0.0,,,MISO_03_solar_014,
MISO_03_solar_015,03,7.0,0.0,,,MISO_03_solar_015,
MISO_03_solar_016,03,29.5,0.0,,,MISO_03_solar_016,
MISO_03_solar_017,03,5.0,0.0,,,MISO_03_solar_017,
MISO_03_solar_018,03,6.0,0.0,,,MISO_03_solar_018,
MISO_03_solar_019,03,20.9,0.0,,,MISO_03_solar_019,
MISO_03_solar_020,03,1.8,0.0,,,MISO_03_solar_020,
MISO_03_solar_021,03,7.5,0.0,,,MISO_03_solar_021,
MISO_03_solar_022,03,5.7,0.0,,,MISO_03_solar_022,
MISO_03_solar_023,03,2.0,0.0,,,MISO_03_solar_023,
MISO_03_solar_024,03,6.7,0.0,,,MISO_03_solar_024,
MISO_03_solar_025,03,1.5,0.0,,,MISO_03_solar_025,
MISO_03_solar_027,03,50.0,0.0,,,MISO_03_solar_027,
MISO_03_solar_028,03,1.5,0.0,,,MISO_03_solar_028,
MISO_03_solar_029,03,0.8,0.0,,,MISO_03_solar_029,
MISO_03_solar_030,03,3.0,0.0,,,MISO_03_solar_030,
MISO_03_solar_031,03,1.3,0.0,,,MISO_03_solar_031,
MISO_03_solar_032,03,7.0,0.0,,,MISO_03_solar_032,
MISO_03_solar_033,03,3.8,0.0,,,MISO_03_solar_033,
MISO_03_solar_034,03,4.5,0.0,,,MISO_03_solar_034,
MISO_03_solar_035,03,100.0,0.0,,,MISO_03_solar_035,
MISO_03_solar_036,03,4.0,0.0,,,MISO_03_solar_036,
MISO_03_solar_038,03,200.0,0.0,,,MISO_03_solar_038,
MISO_03_solar_039,03,1.0,0.0,,,MISO_03_solar_039,
MISO_03_solar_040,03,4.5,0.0,,,MISO_03_solar_040,
MISO_03_solar_041,03,2.6,0.0,,,MISO_03_solar_041,
MISO_03_solar_042,03,2.0,0.0,,,MISO_03_solar_042,
MISO_03_solar_043,03,1.4,0.0,,,MISO_03_solar_043,
MISO_03_solar_044,03,1.0,0.0,,,MISO_03_solar_044,
MISO_03_solar_045,03,11.899999999999999,0.0,,,MISO_03_solar_045,
MISO_03_solar_046,03,8.9,0.0,,,MISO_03_solar_046,
MISO_03_solar_047,03,1.8,0.0,,,MISO_03_solar_047,
MISO_03_solar_048,03,3.0,0.0,,,MISO_03_solar_048,
MISO_03_solar_049,03,25.0,0.0,,,MISO_03_solar_049,
MISO_03_solar_050,03,100.0,0.0,,,MISO_03_solar_050,
MISO_03_solar_051,03,51.4,0.0,,,MISO_03_solar_051,
MISO_03_solar_052,03,2.3,0.0,,,MISO_03_solar_052,
MISO_03_solar_053,03,150.0,0.0,,,MISO_03_solar_053,
MISO_03_solar_054,03,1.6,0.0,,,MISO_03_solar_054,
MISO_03_wind_001,03,400.0,0.0,,,,MISO_03_wind_001
MISO_03_wind_002,03,3.4,0.0,,,,MISO_03_wind_002
MISO_03_wind_003,03,18.900000000000002,0.0,,,,MISO_03_wind_003
MISO_03_wind_004,03,582.3,0.0,,,,MISO_03_wind_004
MISO_03_wind_005,03,69.6,0.0,,,,MISO_03_wind_005
MISO_03_wind_006,03,50.0,0.0,,,,MISO_03_wind_006
MISO_03_wind_008,03,249.8,0.0,,,,MISO_03_wind_008
MISO_03_wind_009,03,215.0,0.0,,,,MISO_03_wind_009
MISO_03_wind_010,03,13.0,0.0,,,,MISO_03_wind_010
MISO_03_wind_011,03,43.0,0.0,,,,MISO_03_wind_011
MISO_03_wind_013,03,44.0,0.0,,,,MISO_03_wind_013
MISO_03_wind_014,03,100.5,0.0,,,,MISO_03_wind_014
MISO_03_wind_015,03,236.8,0.0,,,,MISO_03_wind_015
MISO_03_wind_016,03,251.5,0.0,,,,MISO_03_wind_016
MISO_03_wind_017,03,240.5,0.0,,,,MISO_03_wind_017
MISO_03_wind_018,03,202.0,0.0,,,,MISO_03_wind_018
MISO_03_wind_019,03,98.9,0.0,,,,MISO_03_wind_019
MISO_03_wind_020,03,501.7,0.0,,,,MISO_03_wind_020
MISO_03_wind_021,03,2.5,0.0,,,,MISO_03_wind_021
MISO_03_wind_022,03,201.3,0.0,,,,MISO_03_wind_022
MISO_03_wind_023,03,38.6,0.0,,,,MISO_03_wind_023
MISO_03_wind_024,03,7.5,0.0,,,,MISO_03_wind_024
MISO_03_wind_025,03,247.8,0.0,,,,MISO_03_wind_025
MISO_03_wind_026,03,205.5,0.0,,,,MISO_03_wind_026
MISO_03_wind_027,03,56.300000000000004,0.0,,,,MISO_03_wind_027
MISO_03_wind_028,03,237.5,0.0,,,,MISO_03_wind_028
MISO_03_wind_029,03,8.8,0.0,,,,MISO_03_wind_029
MISO_03_wind_030,03,110.0,0.0,,,,MISO_03_wind_030
MISO_03_wind_031,03,66.0,0.0,,,,MISO_03_wind_031
MISO_03_wind_032,03,399.0,0.0,,,,MISO_03_wind_032
MISO_03_wind_033,03,224.0,0.0,,,,MISO_03_wind_033
MISO_03_wind_034,03,158.0,0.0,,,,MISO_03_wind_034
MISO_03_wind_035,03,329.3,0.0,,,,MISO_03_wind_035
MISO_03_wind_036,03,80.0,0.0,,,,MISO_03_wind_036
MISO_03_wind_037,03,406.8,0.0,,,,MISO_03_wind_037
MISO_03_wind_038,03,1.7,0.0,,,,MISO_03_wind_038
MISO_03_wind_039,03,143.5,0.0,,,,MISO_03_wind_039
MISO_03_wind_040,03,49.6,0.0,,,,MISO_03_wind_040
MISO_03_wind_041,03,5.800000000000001,0.0,,,,MISO_03_wind_041
MISO_03_wind_042,03,1.6,0.0,,,,MISO_03_wind_042
MISO_03_wind_043,03,202.4,0.0,,,,MISO_03_wind_043
MISO_03_wind_044,03,1.6,0.0,,,,MISO_03_wind_044
MISO_03_wind_045,03,7.5,0.0,,,,MISO_03_wind_045
MISO_03_wind_046,03,1.6,0.0,,,,MISO_03_wind_046
MISO_03_wind_047,03,370.0,0.0,,,,MISO_03_wind_047
MISO_03_wind_048,03,66.0,0.0,,,,MISO_03_wind_048
MISO_03_wind_049,03,340.0,0.0,,,,MISO_03_wind_049
MISO_03_wind_050,03,299.3,0.0,,,,MISO_03_wind_050
MISO_03_wind_051,03,250.3,0.0,,,,MISO_03_wind_051
MISO_03_wind_052,03,502.0,0.0,,,,MISO_03_wind_052
MISO_03_wind_053,03,35.0,0.0,,,,MISO_03_wind_053
MISO_03_wind_054,03,80.0,0.0,,,,MISO_03_wind_054
MISO_03_wind_055,03,182.0,0.0,,,,MISO_03_wind_055
MISO_03_wind_056,03,152.2,0.0,,,,MISO_03_wind_056
MISO_03_wind_057,03,70.0,0.0,,,,MISO_03_wind_057
MISO_03_wind_058,03,80.2,0.0,,,,MISO_03_wind_058
MISO_03_wind_059,03,211.7,0.0,,,,MISO_03_wind_059
MISO_03_wind_060,03,202.7,0.0,,,,MISO_03_wind_060
MISO_03_wind_061,03,2.7,0.0,,,,MISO_03_wind_061
MISO_03_wind_062,03,298.7,0.0,,,,MISO_03_wind_062
MISO_03_wind_063,03,201.3,0.0,,,,MISO_03_wind_063
MISO_03_wind_064,03,366.4,0.0,,,,MISO_03_wind_064
MISO_03_wind_065,03,175.5,0.0,,,,MISO_03_wind_065
MISO_03_wind_066,03,113.9,0.0,,,,MISO_03_wind_066
MISO_03_wind_067,03,40.8,0.0,,,,MISO_03_wind_067
MISO_03_wind_068,03,63.3,0.0,,,,MISO_03_wind_068
MISO_03_wind_069,03,140.8,0.0,,,,MISO_03_wind_069
MISO_03_wind_070,03,3.0,0.0,,,,MISO_03_wind_070
MISO_03_wind_071,03,201.2,0.0,,,,MISO_03_wind_071
MISO_03_wind_072,03,251.0,0.0,,,,MISO_03_wind_072
MISO_03_wind_073,03,80.0,0.0,,,,MISO_03_wind_073
MISO_03_wind_074,03,130.9,0.0,,,,MISO_03_wind_074
MISO_03_wind_075,03,502.1,0.0,,,,MISO_03_wind_075
MISO_03_wind_076,03,1.5,0.0,,,,MISO_03_wind_076
MISO_03_wind_077,03,150.2,0.0,,,,MISO_03_wind_077
MISO_03_wind_078,03,90.8,0.0,,,,MISO_03_wind_078
MISO_03_wind_079,03,300.0,0.0,,,,MISO_03_wind_079
MISO_03_wind_080,03,1.5,0.0,,,,MISO_03_wind_080
MISO_03_wind_081,03,224.4,0.0,,,,MISO_03_wind_081
MISO_03_wind_082,03,362.7,0.0,,,,MISO_03_wind_082
MISO_03_wind_083,03,264.1,0.0,,,,MISO_03_wind_083
MISO_03_wind_084,03,100.0,0.0,,,,MISO_03_wind_084
MISO_03_wind_086,03,123.4,0.0,,,,MISO_03_wind_086
MISO_03_wind_087,03,21.0,0.0,,,,MISO_03_wind_087
MISO_03_wind_088,03,3.0,0.0,,,,MISO_03_wind_088
MISO_03_wind_089,03,50.0,0.0,,,,MISO_03_wind_089
MISO_03_wind_090,03,20.7,0.0,,,,MISO_03_wind_090
MISO_03_wind_092,03,252.5,0.0,,,,MISO_03_wind_092
MISO_03_wind_093,03,340.0,0.0,,,,MISO_03_wind_093
MISO_03_wind_094,03,3.0,0.0,,,,MISO_03_wind_094
MISO_03_wind_095,03,310.6,0.0,,,,MISO_03_wind_095
MISO_03_wind_096,03,200.0,0.0,,,,MISO_03_wind_096
MISO_03_wind_097,03,171.5,0.0,,,,MISO_03_wind_097
MISO_03_wind_098,03,168.0,0.0,,,,MISO_03_wind_098
MISO_03_wind_099,03,311.9,0.0,,,,MISO_03_wind_099
MISO_03_wind_100,03,118.80000000000001,0.0,,,,MISO_03_wind_100
MISO_03_wind_101,03,179.9,0.0,,,,MISO_03_wind_101
MISO_03_wind_102,03,165.2,0.0,,,,MISO_03_wind_102
MISO_03_wind_103,03,119.6,0.0,,,,MISO_03_wind_103
MISO_03_wind_104,03,758.0,0.0,,,,MISO_03_wind_104
MISO_03_wind_105,03,522.9,0.0,,,,MISO_03_wind_105
MISO_03_wind_106,03,1.5,0.0,,,,MISO_03_wind_106
MISO_03_wind_107,03,154.3,0.0,,,,MISO_03_wind_107
MISO_03_wind_108,03,7.9,0.0,,,,MISO_03_wind_108
MISO_03_wind_109,03,3.6,0.0,,,,MISO_03_wind_109
MISO_03_wind_110,03,112.4,0.0,,,,MISO_03_wind_110
MISO_03_wind_111,03,214.3,0.0,,,,MISO_03_wind_111
MISO_04_BatteryStorage_001,04,0.3,0.5,,,,
MISO_04_BatteryStorage_006,04,2.0,8.0,,,,
MISO_04_BatteryStorage_007,04,2.0,8.0,,,,
MISO_04_Coal_001,04,335.0,0.0,MISO_04_Conventional_Steam_Coal_RC_005,MISO_04_ST_013,,
MISO_04_Coal_002,04,230.1,0.0,MISO_04_Conventional_Steam_Coal_RC_008,MISO_04_ST_017,,
MISO_04_Coal_003,04,617.4,0.0,MISO_04_Conventional_Steam_Coal_RC_014,MISO_04_ST_027,,
MISO_04_Coal_004,04,3025.6,0.0,MISO_04_Conventional_Steam_Coal_RC_019,MISO_04_ST_036,,
MISO_04_Coal_005,04,3.5,0.0,MISO_04_Conventional_Steam_Coal_RC_021,MISO_04_ST_040,,
MISO_04_Coal_006,04,99.0,0.0,MISO_04_Conventional_Steam_Coal_RC_022,MISO_04_ST_041,,
MISO_04_FuelOil_007,04,4.8,0.0,,MISO_04_CT_001,,
MISO_04_FuelOil_008,04,18.900000000000002,0.0,,MISO_04_CT_004,,
MISO_04_FuelOil_009,04,16.3,0.0,,MISO_04_CT_005,,
MISO_04_FuelOil_010,04,10.8,0.0,,MISO_04_CT_007,,
MISO_04_FuelOil_011,04,5.1,0.0,,MISO_04_CT_008,,
MISO_04_FuelOil_012,04,6.300000000000001,0.0,,MISO_04_CT_010,,
MISO_04_FuelOil_013,04,14.4,0.0,,MISO_04_CT_011,,
MISO_04_FuelOil_014,04,44.1,0.0,,MISO_04_CT_016,,
MISO_04_FuelOil_015,04,5.4,0.0,,MISO_04_CT_017,,
MISO_04_FuelOil_016,04,4.7,0.0,,MISO_04_CT_018,,
MISO_04_FuelOil_017,04,24.0,0.0,,MISO_04_CT_019,,
MISO_04_FuelOil_018,04,23.7,0.0,,MISO_04_CT_021,,
MISO_04_FuelOil_019,04,16.9,0.0,,MISO_04_CT_022,,
MISO_04_FuelOil_020,04,5.4,0.0,,MISO_04_CT_025,,
MISO_04_FuelOil_021,04,7.2,0.0,,MISO_04_CT_026,,
MISO_04_FuelOil_022,04,17.200000000000003,0.0,,MISO_04_CT_029,,
MISO_04_FuelOil_023,04,18.0,0.0,,MISO_04_CT_031,,
MISO_04_FuelOil_024,04,15.8,0.0,,MISO_04_CT_032,,
MISO_04_FuelOil_025,04,29.2,0.0,,MISO_04_CT_033,,
MISO_04_FuelOil_026,04,15.0,0.0,,MISO_04_CT_034,,
MISO_04_FuelOil_027,04,16.6,0.0,,MISO_04_CT_035,,
MISO_04_FuelOil_028,04,9.2,0.0,,MISO_04_CT_038,,
MISO_04_FuelOil_029,04,13.4,0.0,,MISO_04_CT_039,,
MISO_04_FuelOil_030,04,1.6,0.0,,MISO_04_CT_040,,
MISO_04_NaturalGas_032,04,702.1,0.0,MISO_04_Natural_Gas_Fired_Combined_Cycle_RC_012,MISO_04_CC_023,,
MISO_04_NaturalGas_033,04,72.0,0.0,MISO_04_Natural_Gas_Fired_Combustion_Turbine_RC_001,MISO_04_CT_002,,
MISO_04_NaturalGas_034,04,18.0,0.0,MISO_04_Natural_Gas_Fired_Combustion_Turbine_RC_002,MISO_04_CT_006,,
MISO_04_NaturalGas_035,04,270.0,0.0,MISO_04_Natural_Gas_Fired_Combustion_Turbine_RC_003,MISO_04_CT_009,,
MISO_04_NaturalGas_036,04,188.0,0.0,MISO_04_Natural_Gas_Fired_Combustion_Turbine_RC_004,MISO_04_CT_012,,
MISO_04_NaturalGas_037,04,684.0,0.0,MISO_04_Natural_Gas_Fired_Combustion_Turbine_RC_006,MISO_04_CT_014,,
MISO_04_NaturalGas_038,04,26.0,0.0,MISO_04_Natural_Gas_Fired_Combustion_Turbine_RC_007,MISO_04_CT_015,,
MISO_04_NaturalGas_039,04,138.6,0.0,MISO_04_Natural_Gas_Fired_Combustion_Turbine_RC_008,MISO_04_CT_017,,
MISO_04_NaturalGas_040,04,173.0,0.0,MISO_04_Natural_Gas_Fired_Combustion_Turbine_RC_010,MISO_04_CT_019,,
MISO_04_NaturalGas_041,04,483.0,0.0,MISO_04_Natural_Gas_Fired_Combustion_Turbine_RC_013,MISO_04_CT_024,,
MISO_04_NaturalGas_042,04,586.0,0.0,MISO_04_Natural_Gas_Fired_Combustion_Turbine_RC_015,MISO_04_CT_028,,
MISO_04_NaturalGas_043,04,270.0,0.0,MISO_04_Natural_Gas_Fired_Combustion_Turbine_RC_016,MISO_04_CT_030,,
MISO_04_NaturalGas_044,04,456.0,0.0,MISO_04_Natural_Gas_Fired_Combustion_Turbine_RC_017,MISO_04_CT_031,,
MISO_04_NaturalGas_045,04,21.6,0.0,MISO_04_Natural_Gas_Fired_Combustion_Turbine_RC_018,MISO_04_CT_035,,
MISO_04_NaturalGas_046,04,380.0,0.0,MISO_04_Natural_Gas_Fired_Combustion_Turbine_RC_020,MISO_04_CT_037,,
MISO_04_NaturalGas_047,04,150.0,0.0,MISO_04_Natural_Gas_Fired_Combustion_Turbine_RC_022,MISO_04_CT_041,,
MISO_04_NaturalGas_048,04,54.3,0.0,MISO_04_Natural_Gas_Steam_Turbine_RC_007,MISO_04_ST_015,,
MISO_04_NaturalGas_049,04,64.8,0.0,MISO_04_Natural_Gas_Steam_Turbine_RC_009,MISO_04_ST_018,,
MISO_04_NaturalGas_050,04,24.6,0.0,,MISO_04_CT_001,,
MISO_04_NaturalGas_051,04,37.9,0.0,,MISO_04_CT_003,,
MISO_04_NaturalGas_052,04,5.0,0.0,,MISO_04_CT_010,,
MISO_04_NaturalGas_053,04,1.0,0.0,,MISO_04_CT_015,,
MISO_04_NaturalGas_054,04,2.4000000000000004,0.0,,MISO_04_CT_028,,
MISO_04_Nuclear_055,04,1138.3,0.0,,MISO_04_NU_010,,
MISO_04_ThermalOther_056,04,2.4000000000000004,0.0,,MISO_04_CT_006,,
MISO_04_ThermalOther_057,04,3.2,0.0,,MISO_04_CT_013,,
MISO_04_ThermalOther_058,04,3.2,0.0,,MISO_04_CT_020,,
MISO_04_solar_001,MISO-0027,2.0,0.0,,,MISO_04_solar_001,
MISO_04_solar_002,MISO-0027,2.0,0.0,,,MISO_04_solar_002,
MISO_04_solar_003,MISO-0027,7.0,0.0,,,MISO_04_solar_003,
MISO_04_solar_004,MISO-0027,2.0,0.0,,,MISO_04_solar_004,
MISO_04_solar_006,MISO-0027,12.6,0.0,,,MISO_04_solar_006,
MISO_04_solar_007,MISO-0027,2.0,0.0,,,MISO_04_solar_007,
MISO_04_solar_008,04,2.0,0.0,,,MISO_04_solar_008,
MISO_04_solar_009,04,1.2,0.0,,,MISO_04_solar_009,
MISO_04_solar_010,04,10.0,0.0,,,MISO_04_solar_010,
MISO_04_solar_011,04,3.6,0.0,,,MISO_04_solar_011,
MISO_04_solar_012,04,2.0,0.0,,,MISO_04_solar_012,
MISO_04_solar_013,04,5.0,0.0,,,MISO_04_solar_013,
MISO_04_solar_014,04,24.0,0.0,,,MISO_04_solar_014,
MISO_04_solar_015,04,4.0,0.0,,,MISO_04_solar_015,
MISO_04_solar_016,04,2.0,0.0,,,MISO_04_solar_016,
MISO_04_solar_017,04,2.0,0.0,,,MISO_04_solar_017,
MISO_04_solar_018,04,5.5,0.0,,,MISO_04_solar_018,
MISO_04_solar_019,04,2.0,0.0,,,MISO_04_solar_019,
MISO_04_solar_020,04,2.0,0.0,,,MISO_04_solar_020,
MISO_04_solar_021,04,4.0,0.0,,,MISO_04_solar_021,
MISO_04_solar_022,04,2.0,0.0,,,MISO_04_solar_022,
MISO_04_solar_023,04,35.0,0.0,,,MISO_04_solar_023,
MISO_04_solar_024,04,45.8,0.0,,,MISO_04_solar_024,
MISO_04_solar_025,04,1.4,0.0,,,MISO_04_solar_025,
MISO_04_solar_026,04,2.0,0.0,,,MISO_04_solar_026,
MISO_04_solar_027,04,6.0,0.0,,,MISO_04_solar_027,
MISO_04_solar_028,04,6.9,0.0,,,MISO_04_solar_028,
MISO_04_solar_029,04,3.0,0.0,,,MISO_04_solar_029,
MISO_04_solar_031,04,2.0,0.0,,,MISO_04_solar_031,
MISO_04_solar_032,04,2.0,0.0,,,MISO_04_solar_032,
MISO_04_solar_033,04,2.0,0.0,,,MISO_04_solar_033,
MISO_04_solar_034,04,6.0,0.0,,,MISO_04_solar_034,
MISO_04_solar_035,04,2.2,0.0,,,MISO_04_solar_035,
MISO_04_solar_036,04,150.0,0.0,,,MISO_04_solar_036,
MISO_04_solar_037,04,50.0,0.0,,,MISO_04_solar_037,
MISO_04_solar_038,04,2.0,0.0,,,MISO_04_solar_038,
MISO_04_solar_039,04,2.0,0.0,,,MISO_04_solar_039,
MISO_04_solar_040,04,9.4,0.0,,,MISO_04_solar_040,
MISO_04_solar_041,04,3.6,0.0,,,MISO_04_solar_041,
MISO_04_solar_042,04,2.0,0.0,,,MISO_04_solar_042,
MISO_04_solar_043,04,3.5,0.0,,,MISO_04_solar_043,
MISO_04_solar_044,04,150.0,0.0,,,MISO_04_solar_044,
MISO_04_solar_045,04,70.0,0.0,,,MISO_04_solar_045,
MISO_04_solar_046,04,2.0,0.0,,,MISO_04_solar_046,
MISO_04_solar_047,04,1.5,0.0,,,MISO_04_solar_047,
MISO_04_solar_048,04,14.8,0.0,,,MISO_04_solar_048,
MISO_04_solar_049,04,152.0,0.0,,,MISO_04_solar_049,
MISO_04_solar_050,04,2.0,0.0,,,MISO_04_solar_050,
MISO_04_solar_051,04,170.0,0.0,,,MISO_04_solar_051,
MISO_04_solar_052,04,4.0,0.0,,,MISO_04_solar_052,
MISO_04_solar_053,04,2.0,0.0,,,MISO_04_solar_053,
MISO_04_solar_055,04,2.0,0.0,,,MISO_04_solar_055,
MISO_04_solar_056,04,4.0,0.0,,,MISO_04_solar_056,
MISO_04_solar_057,04,592.8,0.0,,,MISO_04_solar_057,
MISO_04_solar_058,04,6.1,0.0,,,MISO_04_solar_058,
MISO_04_solar_059,04,1.5,0.0,,,MISO_04_solar_059,
MISO_04_solar_061,04,202.0,0.0,,,MISO_04_solar_061,
MISO_04_solar_062,04,6.0,0.0,,,MISO_04_solar_062,
MISO_04_solar_063,04,110.0,0.0,,,MISO_04_solar_063,
MISO_04_solar_064,04,2.0,0.0,,,MISO_04_solar_064,
MISO_04_solar_065,04,5.0,0.0,,,MISO_04_solar_065,
MISO_04_solar_066,04,99.0,0.0,,,MISO_04_solar_066,
MISO_04_solar_067,04,5.0,0.0,,,MISO_04_solar_067,
MISO_04_solar_068,04,44.2,0.0,,,MISO_04_solar_068,
MISO_04_solar_069,04,1.8,0.0,,,MISO_04_solar_069,
MISO_04_solar_071,04,2.0,0.0,,,MISO_04_solar_071,
MISO_04_solar_072,04,3.0,0.0,,,MISO_04_solar_072,
MISO_04_solar_073,04,252.0,0.0,,,MISO_04_solar_073,
MISO_04_solar_074,04,2.0,0.0,,,MISO_04_solar_074,
MISO_04_solar_075,04,13.9,0.0,,,MISO_04_solar_075,
MISO_04_solar_076,04,1.8,0.0,,,MISO_04_solar_076,
MISO_04_solar_077,04,5.0,0.0,,,MISO_04_solar_077,
MISO_04_solar_078,04,10.0,0.0,,,MISO_04_solar_078,
MISO_04_solar_079,04,72.4,0.0,,,MISO_04_solar_079,
MISO_04_solar_080,04,99.0,0.0,,,MISO_04_solar_080,
MISO_04_solar_082,04,2.0,0.0,,,MISO_04_solar_082,
MISO_04_solar_083,04,150.0,0.0,,,MISO_04_solar_083,
MISO_04_solar_084,04,50.0,0.0,,,MISO_04_solar_084,
MISO_04_solar_085,04,2.0,0.0,,,MISO_04_solar_085,
MISO_04_solar_086,04,149.0,0.0,,,MISO_04_solar_086,
MISO_04_solar_087,04,9.3,0.0,,,MISO_04_solar_087,
MISO_04_solar_088,04,2.0,0.0,,,MISO_04_solar_088,
MISO_04_solar_089,04,150.0,0.0,,,MISO_04_solar_089,
MISO_04_wind_001,04,3.0,0.0,,,,MISO_04_wind_001
MISO_04_wind_002,04,200.0,0.0,,,,MISO_04_wind_002
MISO_04_wind_003,04,8.4,0.0,,,,MISO_04_wind_003
MISO_04_wind_005,04,93.0,0.0,,,,MISO_04_wind_005
MISO_04_wind_007,04,150.4,0.0,,,,MISO_04_wind_007
MISO_04_wind_008,04,150.0,0.0,,,,MISO_04_wind_008
MISO_04_wind_009,04,151.7,0.0,,,,MISO_04_wind_009
MISO_04_wind_010,04,121.3,0.0,,,,MISO_04_wind_010
MISO_04_wind_011,04,150.4,0.0,,,,MISO_04_wind_011
MISO_04_wind_012,04,98.0,0.0,,,,MISO_04_wind_012
MISO_04_wind_013,04,356.0,0.0,,,,MISO_04_wind_013
MISO_04_wind_014,04,100.5,0.0,,,,MISO_04_wind_014
MISO_04_wind_015,04,559.8,0.0,,,,MISO_04_wind_015
MISO_04_wind_016,04,217.0,0.0,,,,MISO_04_wind_016
MISO_04_wind_019,04,1.5,0.0,,,,MISO_04_wind_019
MISO_04_wind_020,04,202.0,0.0,,,,MISO_04_wind_020
MISO_04_wind_021,04,0.1,0.0,,,,MISO_04_wind_021
MISO_04_wind_022,04,302.0,0.0,,,,MISO_04_wind_022
MISO_04_wind_023,04,202.0,0.0,,,,MISO_04_wind_023
MISO_04_wind_025,04,1.7,0.0,,,,MISO_04_wind_025
MISO_04_wind_026,04,54.4,0.0,,,,MISO_04_wind_026
MISO_05_Coal_001,05,1099.4,0.0,MISO_05_Conventional_Steam_Coal_RC_003,MISO_05_ST_007,,
MISO_05_Coal_002,05,2389.4,0.0,MISO_05_Conventional_Steam_Coal_RC_007,MISO_05_ST_013,,
MISO_05_FuelOil_003,05,4.2,0.0,,MISO_05_CT_001,,
MISO_05_FuelOil_004,05,8.0,0.0,,MISO_05_CT_002,,
MISO_05_FuelOil_005,05,60.6,0.0,,MISO_05_CT_003,,
MISO_05_FuelOil_006,05,60.7,0.0,,MISO_05_CT_006,,
MISO_05_FuelOil_007,05,13.6,0.0,,MISO_05_CT_008,,
MISO_05_FuelOil_008,05,2.0,0.0,,MISO_05_CT_009,,
MISO_05_FuelOil_009,05,17.2,0.0,,MISO_05_CT_010,,
MISO_05_FuelOil_010,05,60.8,0.0,,MISO_05_CT_014,,
MISO_05_FuelOil_011,05,68.3,0.0,,MISO_05_CT_015,,
MISO_05_FuelOil_012,05,16.0,0.0,,MISO_05_CT_016,,
MISO_05_FuelOil_013,05,26.3,0.0,,MISO_05_CT_017,,
MISO_05_NaturalGas_014,05,30.0,0.0,MISO_05_Natural_Gas_Fired_Combined_Cycle_RC_005,MISO_05_CC_010,,
MISO_05_NaturalGas_015,05,240.0,0.0,MISO_05_Natural_Gas_Fired_Combustion_Turbine_RC_001,MISO_05_CT_004,,
MISO_05_NaturalGas_016,05,814.4,0.0,MISO_05_Natural_Gas_Fired_Combustion_Turbine_RC_002,MISO_05_CT_005,,
MISO_05_NaturalGas_017,05,209.9,0.0,MISO_05_Natural_Gas_Fired_Combustion_Turbine_RC_004,MISO_05_CT_008,,
MISO_05_NaturalGas_019,05,91.1,0.0,MISO_05_Natural_Gas_Steam_Turbine_RC_004,MISO_05_ST_008,,
MISO_05_NaturalGas_020,05,3.0,0.0,MISO_05_Natural_Gas_Steam_Turbine_RC_005,MISO_05_ST_010,,
MISO_05_NaturalGas_021,05,26.1,0.0,MISO_05_Natural_Gas_Steam_Turbine_RC_006,MISO_05_ST_012,,
MISO_05_NaturalGas_022,05,3.2,0.0,,MISO_05_CT_001,,
MISO_05_NaturalGas_023,05,1.2,0.0,,MISO_05_CT_010,,
MISO_05_Nuclear_024,05,1235.8,0.0,,MISO_05_NU_011,,
MISO_05_ThermalOther_025,05,3.0,0.0,,MISO_05_CT_008,,
MISO_05_ThermalOther_026,05,3.0,0.0,,MISO_05_CT_014,,
MISO_05_solar_001,05,250.0,0.0,,,MISO_05_solar_001,
MISO_05_solar_002,05,25.0,0.0,,,MISO_05_solar_002,
MISO_05_solar_004,05,200.0,0.0,,,MISO_05_solar_004,
MISO_05_solar_005,05,50.0,0.0,,,MISO_05_solar_005,
MISO_05_solar_006,05,30.0,0.0,,,MISO_05_solar_006,
MISO_05_solar_007,05,167.2,0.0,,,MISO_05_solar_007,
MISO_05_solar_008,05,139.0,0.0,,,MISO_05_solar_008,
MISO_05_solar_009,05,5.7,0.0,,,MISO_05_solar_009,
MISO_05_solar_011,05,10.0,0.0,,,MISO_05_solar_011,
MISO_05_solar_012,05,2.6,0.0,,,MISO_05_solar_012,
MISO_05_solar_013,05,4.5,0.0,,,MISO_05_solar_013,
MISO_05_solar_016,05,1.2,0.0,,,MISO_05_solar_016,
MISO_05_wind_001,05,146.0,0.0,,,,MISO_05_wind_001
MISO_05_wind_002,05,400.0,0.0,,,,MISO_05_wind_002
MISO_06_BatteryStorage_001,06,20.0,20.0,,,,
MISO_06_BatteryStorage_002,06,1.0,4.6,,,,
MISO_06_BatteryStorage_003,06,5.0,5.0,,,,
MISO_06_BatteryStorage_004,06,5.0,5.0,,,,
MISO_06_BatteryStorage_005,06,5.0,5.0,,,,
MISO_06_BatteryStorage_008,06,200.0,877.0,,,,
MISO_06_BatteryStorage_009,06,45.0,180.0,,,,
MISO_06_BatteryStorage_010,06,56.3,225.0,,,,
MISO_06_Coal_001,06,540.0,0.0,MISO_06_Conventional_Steam_Coal_RC_003,MISO_06_ST_003,,
MISO_06_Coal_003,06,1062.0,0.0,MISO_06_Conventional_Steam_Coal_RC_010,MISO_06_ST_020,,
MISO_06_Coal_004,06,1080.0,0.0,MISO_06_Conventional_Steam_Coal_RC_019,MISO_06_ST_030,,
MISO_06_Coal_005,06,3339.5,0.0,MISO_06_Conventional_Steam_Coal_RC_022,MISO_06_ST_033,,
MISO_06_Coal_006,06,1341.8,0.0,MISO_06_Conventional_Steam_Coal_RC_023,MISO_06_ST_034,,
MISO_06_Coal_007,06,1088.0,0.0,MISO_06_Conventional_Steam_Coal_RC_026,MISO_06_ST_037,,
MISO_06_Coal_008,06,509.4,0.0,MISO_06_Conventional_Steam_Coal_RC_028,MISO_06_ST_040,,
MISO_06_FuelOil_009,06,1.8,0.0,,MISO_06_CT_015,,
MISO_06_FuelOil_010,06,3.0,0.0,,MISO_06_CT_017,,
MISO_06_FuelOil_011,06,2.2,0.0,,MISO_06_CT_018,,
MISO_06_FuelOil_012,06,10.4,0.0,,MISO_06_CT_020,,
MISO_06_FuelOil_013,06,3.0,0.0,,MISO_06_CT_024,,
MISO_06_FuelOil_014,06,62.7,0.0,,MISO_06_CT_025,,
MISO_06_FuelOil_015,06,8.100000000000001,0.0,,MISO_06_CT_034,,
MISO_06_NaturalGas_016,06,576.8,0.0,MISO_06_Natural_Gas_Fired_Combined_Cycle_RC_001,MISO_06_CC_001,,
MISO_06_NaturalGas_017,06,283.0,0.0,MISO_06_Natural_Gas_Fired_Combined_Cycle_RC_009,MISO_06_CC_019,,
MISO_06_NaturalGas_019,06,619.4,0.0,MISO_06_Natural_Gas_Fired_Combined_Cycle_RC_015,MISO_06_CC_026,,
MISO_06_NaturalGas_020,06,644.0,0.0,MISO_06_Natural_Gas_Fired_Combined_Cycle_RC_016,MISO_06_CC_027,,
MISO_06_NaturalGas_021,06,42.0,0.0,MISO_06_Natural_Gas_Fired_Combustion_Turbine_RC_002,MISO_06_CT_002,,
MISO_06_NaturalGas_022,06,258.0,0.0,MISO_06_Natural_Gas_Fired_Combustion_Turbine_RC_004,MISO_06_CT_007,,
MISO_06_NaturalGas_023,06,236.0,0.0,MISO_06_Natural_Gas_Fired_Combustion_Turbine_RC_006,MISO_06_CT_016,,
MISO_06_NaturalGas_024,06,13.3,0.0,MISO_06_Natural_Gas_Fired_Combustion_Turbine_RC_007,MISO_06_CT_017,,
MISO_06_NaturalGas_025,06,61.8,0.0,MISO_06_Natural_Gas_Fired_Combustion_Turbine_RC_008,MISO_06_CT_018,,
MISO_06_NaturalGas_026,06,804.5,0.0,MISO_06_Natural_Gas_Fired_Combustion_Turbine_RC_010,MISO_06_CT_020,,
MISO_06_NaturalGas_027,06,340.0,0.0,MISO_06_Natural_Gas_Fired_Combustion_Turbine_RC_012,MISO_06_CT_022,,
MISO_06_NaturalGas_028,06,181.5,0.0,MISO_06_Natural_Gas_Fired_Combustion_Turbine_RC_013,MISO_06_CT_023,,
MISO_06_NaturalGas_029,06,327.0,0.0,MISO_06_Natural_Gas_Fired_Combustion_Turbine_RC_014,MISO_06_CT_025,,
MISO_06_NaturalGas_030,06,192.0,0.0,MISO_06_Natural_Gas_Fired_Combustion_Turbine_RC_015,MISO_06_CT_026,,
MISO_06_NaturalGas_031,06,242.0,0.0,MISO_06_Natural_Gas_Fired_Combustion_Turbine_RC_018,MISO_06_CT_029,,
MISO_06_NaturalGas_032,06,500.4,0.0,MISO_06_Natural_Gas_Fired_Combustion_Turbine_RC_020,MISO_06_CT_031,,
MISO_06_NaturalGas_033,06,402.0,0.0,MISO_06_Natural_Gas_Fired_Combustion_Turbine_RC_021,MISO_06_CT_032,,
MISO_06_NaturalGas_034,06,108.0,0.0,MISO_06_Natural_Gas_Fired_Combustion_Turbine_RC_024,MISO_06_CT_035,,
MISO_06_NaturalGas_035,06,673.4,0.0,MISO_06_Natural_Gas_Fired_Combustion_Turbine_RC_025,MISO_06_CT_036,,
MISO_06_NaturalGas_036,06,98.8,0.0,MISO_06_Natural_Gas_Fired_Combustion_Turbine_RC_027,MISO_06_CT_039,,
MISO_06_NaturalGas_037,06,127.0,0.0,MISO_06_Natural_Gas_Steam_Turbine_RC_001,MISO_06_ST_001,,
MISO_06_NaturalGas_038,06,180.0,0.0,MISO_06_Natural_Gas_Steam_Turbine_RC_002,MISO_06_ST_002,,
MISO_06_NaturalGas_039,06,3.9,0.0,MISO_06_Natural_Gas_Steam_Turbine_RC_005,MISO_06_ST_012,,
MISO_06_NaturalGas_040,06,41.5,0.0,MISO_06_Natural_Gas_Steam_Turbine_RC_007,MISO_06_ST_017,,
MISO_06_NaturalGas_041,06,7.4,0.0,MISO_06_Natural_Gas_Steam_Turbine_RC_008,MISO_06_ST_018,,
MISO_06_NaturalGas_042,06,668.0,0.0,MISO_06_Natural_Gas_Steam_Turbine_RC_014,MISO_06_ST_025,,
MISO_06_NaturalGas_043,06,6.1,0.0,MISO_06_Natural_Gas_Steam_Turbine_RC_017,MISO_06_ST_028,,
MISO_06_NaturalGas_044,06,586.0,0.0,MISO_06_Natural_Gas_Steam_Turbine_RC_027,MISO_06_ST_039,,
MISO_06_NaturalGas_045,06,3.2,0.0,,MISO_06_CT_003,,
MISO_06_NaturalGas_046,06,6.4,0.0,,MISO_06_CT_004,,
MISO_06_NaturalGas_047,06,1.0,0.0,,MISO_06_CT_006,,
MISO_06_NaturalGas_048,06,1.5,0.0,,MISO_06_CT_009,,
MISO_06_NaturalGas_049,06,1.0,0.0,,MISO_06_CT_010,,
MISO_06_NaturalGas_050,06,6.4,0.0,,MISO_06_CT_011,,
MISO_06_NaturalGas_051,06,7.3,0.0,,MISO_06_CT_018,,
MISO_06_NaturalGas_052,06,9.600000000000001,0.0,,MISO_06_CT_024,,
MISO_06_ThermalOther_053,06,812.7,0.0,,MISO_06_CC_031,,
MISO_06_ThermalOther_054,06,3.2,0.0,,MISO_06_CT_003,,
MISO_06_ThermalOther_055,06,7.6,0.0,,MISO_06_CT_008,,
MISO_06_ThermalOther_056,06,6.4,0.0,,MISO_06_CT_011,,
MISO_06_ThermalOther_057,06,3.2,0.0,,MISO_06_CT_014,,
MISO_06_ThermalOther_058,06,3.2,0.0,,MISO_06_CT_024,,
MISO_06_ThermalOther_059,06,3.2,0.0,,MISO_06_CT_034,,
MISO_06_ThermalOther_060,06,193.8,0.0,,MISO_06_ST_001,,
MISO_06_ThermalOther_061,06,176.2,0.0,,MISO_06_ST_002,,
MISO_06_ThermalOther_062,06,4.3,0.0,,MISO_06_ST_005,,
MISO_06_ThermalOther_063,06,6.0,0.0,,MISO_06_ST_013,,
MISO_06_ThermalOther_064,06,6.5,0.0,,MISO_06_ST_025,,
MISO_06_ThermalOther_065,06,13.2,0.0,,MISO_06_ST_030,,
MISO_06_ThermalOther_066,06,88.0,0.0,,MISO_06_ST_038,,
MISO_06_solar_001,06,1.0,0.0,,,MISO_06_solar_001,
MISO_06_solar_002,06,2.4,0.0,,,MISO_06_solar_002,
MISO_06_solar_003,06,2.0,0.0,,,MISO_06_solar_003,
MISO_06_solar_004,06,1.5,0.0,,,MISO_06_solar_004,
MISO_06_solar_005,06,3.9,0.0,,,MISO_06_solar_005,
MISO_06_solar_006,06,2.0,0.0,,,MISO_06_solar_006,
MISO_06_solar_007,06,5.0,0.0,,,MISO_06_solar_007,
MISO_06_solar_008,06,1.1,0.0,,,MISO_06_solar_008,
MISO_06_solar_009,06,6.8,0.0,,,MISO_06_solar_009,
MISO_06_solar_010,06,1.0,0.0,,,MISO_06_solar_010,
MISO_06_solar_011,06,700.0,0.0,,,MISO_06_solar_011,
MISO_06_solar_012,06,4.3,0.0,,,MISO_06_solar_012,
MISO_06_solar_013,06,4.8,0.0,,,MISO_06_solar_013,
MISO_06_solar_014,06,200.0,0.0,,,MISO_06_solar_014,
MISO_06_solar_015,06,3.3,0.0,,,MISO_06_solar_015,
MISO_06_solar_016,06,350.0,0.0,,,MISO_06_solar_016,
MISO_06_solar_017,06,16.0,0.0,,,MISO_06_solar_017,
MISO_06_solar_019,06,15.4,0.0,,,MISO_06_solar_019,
MISO_06_solar_020,06,1.6,0.0,,,MISO_06_solar_020,
MISO_06_solar_021,06,195.0,0.0,,,MISO_06_solar_021,
MISO_06_solar_022,06,5.4,0.0,,,MISO_06_solar_022,
MISO_06_solar_023,06,2.5,0.0,,,MISO_06_solar_023,
MISO_06_solar_024,06,201.4,0.0,,,MISO_06_solar_024,
MISO_06_solar_025,06,1.5,0.0,,,MISO_06_solar_025,
MISO_06_solar_026,06,8.0,0.0,,,MISO_06_solar_026,
MISO_06_solar_027,06,1.4,0.0,,,MISO_06_solar_027,
MISO_06_solar_029,06,4.8,0.0,,,MISO_06_solar_029,
MISO_06_solar_030,06,23.0,0.0,,,MISO_06_solar_030,
MISO_06_solar_031,06,10.3,0.0,,,MISO_06_solar_031,
MISO_06_solar_032,06,1.9,0.0,,,MISO_06_solar_032,
MISO_06_solar_033,06,2.0,0.0,,,MISO_06_solar_033,
MISO_06_solar_034,06,2.5,0.0,,,MISO_06_solar_034,
MISO_06_solar_035,06,6.1,0.0,,,MISO_06_solar_035,
MISO_06_solar_036,06,55.9,0.0,,,MISO_06_solar_036,
MISO_06_solar_037,06,24.1,0.0,,,MISO_06_solar_037,
MISO_06_solar_038,06,199.0,0.0,,,MISO_06_solar_038,
MISO_06_solar_039,06,5.2,0.0,,,MISO_06_solar_039,
MISO_06_solar_040,06,9.2,0.0,,,MISO_06_solar_040,
MISO_06_solar_041,06,3.1,0.0,,,MISO_06_solar_041,
MISO_06_solar_042,06,1.1,0.0,,,MISO_06_solar_042,
MISO_06_solar_043,06,250.0,0.0,,,MISO_06_solar_043,
MISO_06_solar_044,06,1.1,0.0,,,MISO_06_solar_044,
MISO_06_solar_045,06,5.4,0.0,,,MISO_06_solar_045,
MISO_06_solar_046,06,1.1,0.0,,,MISO_06_solar_046,
MISO_06_solar_047,06,1.1,0.0,,,MISO_06_solar_047,
MISO_06_solar_048,06,13.9,0.0,,,MISO_06_solar_048,
MISO_06_solar_049,06,17.0,0.0,,,MISO_06_solar_049,
MISO_06_solar_050,06,1.1,0.0,,,MISO_06_solar_050,
MISO_06_solar_051,06,8.2,0.0,,,MISO_06_solar_051,
MISO_06_solar_053,06,210.0,0.0,,,MISO_06_solar_053,
MISO_06_solar_054,06,2.0,0.0,,,MISO_06_solar_054,
MISO_06_solar_056,06,202.0,0.0,,,MISO_06_solar_056,
MISO_06_solar_057,06,1.1,0.0,,,MISO_06_solar_057,
MISO_06_solar_058,06,1.1,0.0,,,MISO_06_solar_058,
MISO_06_solar_059,06,191.0,0.0,,,MISO_06_solar_059,
MISO_06_solar_060,06,2.0,0.0,,,MISO_06_solar_060,
MISO_06_solar_062,06,54.7,0.0,,,MISO_06_solar_062,
MISO_06_solar_063,06,200.0,0.0,,,MISO_06_solar_063,
MISO_06_solar_064,06,410.0,0.0,,,MISO_06_solar_064,
MISO_06_wind_001,06,130.5,0.0,,,,MISO_06_wind_001
MISO_06_wind_002,06,506.5,0.0,,,,MISO_06_wind_002
MISO_06_wind_003,06,201.6,0.0,,,,MISO_06_wind_003
MISO_06_wind_004,06,404.4,0.0,,,,MISO_06_wind_004
MISO_06_wind_005,06,398.6,0.0,,,,MISO_06_wind_005
MISO_07_BatteryStorage_001,07,1.1,1.0,,,,
MISO_07_BatteryStorage_002,07,0.3,0.5,,,,
MISO_07_BatteryStorage_003,07,14.0,56.0,,,,
MISO_07_BatteryStorage_005,07,104.9,400.0,,,,
MISO_07_Coal_001,07,6.2,0.0,MISO_07_Conventional_Steam_Coal_RC_001,MISO_07_ST_005,,
MISO_07_Coal_002,07,70.0,0.0,MISO_07_Conventional_Steam_Coal_RC_005,MISO_07_ST_020,,
MISO_07_Coal_003,07,2.5,0.0,MISO_07_Conventional_Steam_Coal_RC_009,MISO_07_ST_028,,
MISO_07_Coal_005,07,1395.0,0.0,MISO_07_Conventional_Steam_Coal_RC_023,MISO_07_ST_061,,
MISO_07_Coal_006,07,3279.6000000000004,0.0,MISO_07_Conventional_Steam_Coal_RC_042,MISO_07_ST_088,,
MISO_07_FuelOil_007,07,24.0,0.0,,MISO_07_CT_003,,
MISO_07_FuelOil_008,07,11.0,0.0,,MISO_07_CT_006,,
MISO_07_FuelOil_009,07,6.0,0.0,,MISO_07_CT_007,,
MISO_07_FuelOil_010,07,22.6,0.0,,MISO_07_CT_008,,
MISO_07_FuelOil_011,07,4.8,0.0,,MISO_07_CT_009,,
MISO_07_FuelOil_012,07,3.3,0.0,,MISO_07_CT_012,,
MISO_07_FuelOil_013,07,21.3,0.0,,MISO_07_CT_013,,
MISO_07_FuelOil_014,07,1.0,0.0,,MISO_07_CT_024,,
MISO_07_FuelOil_015,07,6.0,0.0,,MISO_07_CT_028,,
MISO_07_FuelOil_016,07,13.5,0.0,,MISO_07_CT_029,,
MISO_07_FuelOil_017,07,12.4,0.0,,MISO_07_CT_030,,
MISO_07_FuelOil_018,07,3.7,0.0,,MISO_07_CT_031,,
MISO_07_FuelOil_019,07,5.2,0.0,,MISO_07_CT_033,,
MISO_07_FuelOil_020,07,22.900000000000002,0.0,,MISO_07_CT_037,,
MISO_07_FuelOil_021,07,5.2,0.0,,MISO_07_CT_041,,
MISO_07_FuelOil_022,07,5.1,0.0,,MISO_07_CT_043,,
MISO_07_FuelOil_023,07,3.8,0.0,,MISO_07_CT_055,,
MISO_07_FuelOil_024,07,27.0,0.0,,MISO_07_CT_058,,
MISO_07_FuelOil_025,07,13.5,0.0,,MISO_07_CT_061,,
MISO_07_FuelOil_026,07,13.5,0.0,,MISO_07_CT_066,,
MISO_07_FuelOil_027,07,42.4,0.0,,MISO_07_CT_068,,
MISO_07_FuelOil_028,07,73.4,0.0,,MISO_07_CT_075,,
MISO_07_FuelOil_029,07,4.5,0.0,,MISO_07_CT_077,,
MISO_07_FuelOil_030,07,5.4,0.0,,MISO_07_CT_078,,
MISO_07_FuelOil_031,07,64.0,0.0,,MISO_07_CT_084,,
MISO_07_FuelOil_032,07,13.5,0.0,,MISO_07_CT_088,,
MISO_07_NaturalGas_034,07,138.1,0.0,MISO_07_Natural_Gas_Fired_Combined_Cycle_RC_006,MISO_07_CC_023,,
MISO_07_NaturalGas_035,07,1848.6,0.0,MISO_07_Natural_Gas_Fired_Combined_Cycle_RC_011,MISO_07_CC_033,,
MISO_07_NaturalGas_036,07,740.2,0.0,MISO_07_Natural_Gas_Fired_Combined_Cycle_RC_020,MISO_07_CC_051,,
MISO_07_NaturalGas_037,07,33.1,0.0,MISO_07_Natural_Gas_Fired_Combined_Cycle_RC_021,MISO_07_CC_053,,
MISO_07_NaturalGas_038,07,1267.4,0.0,MISO_07_Natural_Gas_Fired_Combined_Cycle_RC_023,MISO_07_CC_061,,
MISO_07_NaturalGas_039,07,205.2,0.0,MISO_07_Natural_Gas_Fired_Combined_Cycle_RC_026,MISO_07_CC_064,,
MISO_07_NaturalGas_040,07,98.0,0.0,MISO_07_Natural_Gas_Fired_Combined_Cycle_RC_027,MISO_07_CC_065,,
MISO_07_NaturalGas_041,07,649.0,0.0,MISO_07_Natural_Gas_Fired_Combined_Cycle_RC_033,MISO_07_CC_074,,
MISO_07_NaturalGas_042,07,60.0,0.0,MISO_07_Natural_Gas_Fired_Combined_Cycle_RC_034,MISO_07_CC_075,,
MISO_07_NaturalGas_043,07,349.6,0.0,MISO_07_Natural_Gas_Fired_Combined_Cycle_RC_036,MISO_07_CC_077,,
MISO_07_NaturalGas_044,07,10.9,0.0,MISO_07_Natural_Gas_Fired_Combined_Cycle_RC_038,MISO_07_CC_080,,
MISO_07_NaturalGas_046,07,453.8,0.0,MISO_07_Natural_Gas_Fired_Combustion_Turbine_RC_002,MISO_07_CT_014,,
MISO_07_NaturalGas_047,07,240.29999999999998,0.0,MISO_07_Natural_Gas_Fired_Combustion_Turbine_RC_003,MISO_07_CT_015,,
MISO_07_NaturalGas_048,07,60.5,0.0,MISO_07_Natural_Gas_Fired_Combustion_Turbine_RC_004,MISO_07_CT_017,,
MISO_07_NaturalGas_049,07,50.0,0.0,MISO_07_Natural_Gas_Fired_Combustion_Turbine_RC_007,MISO_07_CT_024,,
MISO_07_NaturalGas_050,07,3.8,0.0,MISO_07_Natural_Gas_Fired_Combustion_Turbine_RC_010,MISO_07_CT_032,,
MISO_07_NaturalGas_051,07,23.7,0.0,MISO_07_Natural_Gas_Fired_Combustion_Turbine_RC_014,MISO_07_CT_040,,
MISO_07_NaturalGas_052,07,782.0,0.0,MISO_07_Natural_Gas_Fired_Combustion_Turbine_RC_016,MISO_07_CT_045,,
MISO_07_NaturalGas_053,07,255.89999999999998,0.0,MISO_07_Natural_Gas_Fired_Combustion_Turbine_RC_017,MISO_07_CT_048,,
MISO_07_NaturalGas_054,07,377.4,0.0,MISO_07_Natural_Gas_Fired_Combustion_Turbine_RC_020,MISO_07_CT_051,,
MISO_07_NaturalGas_055,07,7.300000000000001,0.0,MISO_07_Natural_Gas_Fired_Combustion_Turbine_RC_022,MISO_07_CT_054,,
MISO_07_NaturalGas_056,07,632.0,0.0,MISO_07_Natural_Gas_Fired_Combustion_Turbine_RC_023,MISO_07_CT_061,,
MISO_07_NaturalGas_057,07,161.7,0.0,MISO_07_Natural_Gas_Fired_Combustion_Turbine_RC_024,MISO_07_CT_062,,
MISO_07_NaturalGas_058,07,24.8,0.0,MISO_07_Natural_Gas_Fired_Combustion_Turbine_RC_025,MISO_07_CT_063,,
MISO_07_NaturalGas_059,07,58.0,0.0,MISO_07_Natural_Gas_Fired_Combustion_Turbine_RC_026,MISO_07_CT_064,,
MISO_07_NaturalGas_060,07,14.3,0.0,MISO_07_Natural_Gas_Fired_Combustion_Turbine_RC_027,MISO_07_CT_065,,
MISO_07_NaturalGas_061,07,121.6,0.0,MISO_07_Natural_Gas_Fired_Combustion_Turbine_RC_028,MISO_07_CT_067,,
MISO_07_NaturalGas_062,07,71.4,0.0,MISO_07_Natural_Gas_Fired_Combustion_Turbine_RC_029,MISO_07_CT_068,,
MISO_07_NaturalGas_063,07,21.2,0.0,MISO_07_Natural_Gas_Fired_Combustion_Turbine_RC_030,MISO_07_CT_070,,
MISO_07_NaturalGas_064,07,8.1,0.0,MISO_07_Natural_Gas_Fired_Combustion_Turbine_RC_032,MISO_07_CT_073,,
MISO_07_NaturalGas_065,07,3.0,0.0,MISO_07_Natural_Gas_Fired_Combustion_Turbine_RC_034,MISO_07_CT_075,,
MISO_07_NaturalGas_066,07,7.8,0.0,MISO_07_Natural_Gas_Fired_Combustion_Turbine_RC_035,MISO_07_CT_076,,
MISO_07_NaturalGas_067,07,195.3,0.0,MISO_07_Natural_Gas_Fired_Combustion_Turbine_RC_036,MISO_07_CT_077,,
MISO_07_NaturalGas_068,07,142.2,0.0,MISO_07_Natural_Gas_Fired_Combustion_Turbine_RC_037,MISO_07_CT_078,,
MISO_07_NaturalGas_069,07,77.4,0.0,MISO_07_Natural_Gas_Fired_Combustion_Turbine_RC_039,MISO_07_CT_081,,
MISO_07_NaturalGas_070,07,340.0,0.0,MISO_07_Natural_Gas_Fired_Combustion_Turbine_RC_041,MISO_07_CT_083,,
MISO_07_NaturalGas_071,07,19.5,0.0,MISO_07_Natural_Gas_Steam_Turbine_RC_005,MISO_07_ST_020,,
MISO_07_NaturalGas_072,07,2.1,0.0,MISO_07_Natural_Gas_Steam_Turbine_RC_008,MISO_07_ST_025,,
MISO_07_NaturalGas_073,07,1.0,0.0,MISO_07_Natural_Gas_Steam_Turbine_RC_010,MISO_07_ST_032,,
MISO_07_NaturalGas_074,07,1402.3,0.0,MISO_07_Natural_Gas_Steam_Turbine_RC_012,MISO_07_ST_035,,
MISO_07_NaturalGas_075,07,3.8,0.0,MISO_07_Natural_Gas_Steam_Turbine_RC_013,MISO_07_ST_036,,
MISO_07_NaturalGas_076,07,1.3,0.0,MISO_07_Natural_Gas_Steam_Turbine_RC_015,MISO_07_ST_043,,
MISO_07_NaturalGas_077,07,815.4,0.0,MISO_07_Natural_Gas_Steam_Turbine_RC_017,MISO_07_ST_048,,
MISO_07_NaturalGas_078,07,5.0,0.0,MISO_07_Natural_Gas_Steam_Turbine_RC_018,MISO_07_ST_049,,
MISO_07_NaturalGas_079,07,4.2,0.0,MISO_07_Natural_Gas_Steam_Turbine_RC_023,MISO_07_ST_061,,
MISO_07_NaturalGas_080,07,85.0,0.0,MISO_07_Natural_Gas_Steam_Turbine_RC_027,MISO_07_ST_065,,
MISO_07_NaturalGas_081,07,2.0,0.0,MISO_07_Natural_Gas_Steam_Turbine_RC_031,MISO_07_ST_071,,
MISO_07_NaturalGas_082,07,2.0,0.0,MISO_07_Natural_Gas_Steam_Turbine_RC_032,MISO_07_ST_073,,
MISO_07_NaturalGas_083,07,43.5,0.0,MISO_07_Natural_Gas_Steam_Turbine_RC_037,MISO_07_ST_078,,
MISO_07_NaturalGas_084,07,56.400000000000006,0.0,,MISO_07_CT_001,,
MISO_07_NaturalGas_085,07,182.9,0.0,,MISO_07_CT_004,,
MISO_07_NaturalGas_086,07,7.7,0.0,,MISO_07_CT_028,,
MISO_07_NaturalGas_087,07,1.4,0.0,,MISO_07_CT_031,,
MISO_07_NaturalGas_088,07,28.0,0.0,,MISO_07_CT_034,,
MISO_07_NaturalGas_089,07,3.2,0.0,,MISO_07_CT_044,,
MISO_07_NaturalGas_090,07,34.3,0.0,,MISO_07_CT_051,,
MISO_07_NaturalGas_091,07,28.200000000000003,0.0,,MISO_07_CT_065,,
MISO_07_NaturalGas_092,07,9.5,0.0,,MISO_07_CT_072,,
MISO_07_NaturalGas_093,07,5.8,0.0,,MISO_07_CT_080,,
MISO_07_NaturalGas_094,07,12.899999999999999,0.0,,MISO_07_CT_085,,
MISO_07_NaturalGas_095,07,11.6,0.0,,MISO_07_CT_086,,
MISO_07_Nuclear_096,07,811.8,0.0,,MISO_07_NU_069,,
MISO_07_Nuclear_097,07,1217.0,0.0,,MISO_07_NU_084,,
MISO_07_ThermalOther_098,07,1.6,0.0,,MISO_07_CT_026,,
MISO_07_ThermalOther_099,07,3.2,0.0,,MISO_07_CT_027,,
MISO_07_ThermalOther_100,07,4.0,0.0,,MISO_07_CT_039,,
MISO_07_ThermalOther_101,07,3.2,0.0,,MISO_07_CT_042,,
MISO_07_ThermalOther_102,07,8.0,0.0,,MISO_07_CT_046,,
MISO_07_ThermalOther_103,07,7.0,0.0,,MISO_07_CT_047,,
MISO_07_ThermalOther_104,07,3.2,0.0,,MISO_07_CT_049,,
MISO_07_ThermalOther_105,07,6.4,0.0,,MISO_07_CT_051,,
MISO_07_ThermalOther_106,07,4.800000000000001,0.0,,MISO_07_CT_052,,
MISO_07_ThermalOther_107,07,3.2,0.0,,MISO_07_CT_056,,
MISO_07_ThermalOther_108,07,7.2,0.0,,MISO_07_CT_057,,
MISO_07_ThermalOther_109,07,3.2,0.0,,MISO_07_CT_059,,
MISO_07_ThermalOther_110,07,21.6,0.0,,MISO_07_CT_060,,
MISO_07_ThermalOther_111,07,5.7,0.0,,MISO_07_CT_072,,
MISO_07_ThermalOther_112,07,30.3,0.0,,MISO_07_CT_076,,
MISO_07_ThermalOther_113,07,4.0,0.0,,MISO_07_CT_079,,
MISO_07_ThermalOther_114,07,11.200000000000001,0.0,,MISO_07_CT_083,,
MISO_07_ThermalOther_115,07,6.6,0.0,,MISO_07_CT_084,,
MISO_07_ThermalOther_116,07,2.4000000000000004,0.0,,MISO_07_CT_087,,
MISO_07_ThermalOther_117,07,22.0,0.0,,MISO_07_ST_002,,
MISO_07_ThermalOther_118,07,56.0,0.0,,MISO_07_ST_010,,
MISO_07_ThermalOther_119,07,122.4,0.0,,MISO_07_ST_011,,
MISO_07_ThermalOther_120,07,47.2,0.0,,MISO_07_ST_016,,
MISO_07_ThermalOther_121,07,38.6,0.0,,MISO_07_ST_018,,
MISO_07_ThermalOther_122,07,20.0,0.0,,MISO_07_ST_019,,
MISO_07_ThermalOther_123,07,44.0,0.0,,MISO_07_ST_021,,
MISO_07_ThermalOther_124,07,20.0,0.0,,MISO_07_ST_022,,
MISO_07_ThermalOther_125,07,5.8,0.0,,MISO_07_ST_038,,
MISO_07_ThermalOther_126,07,39.5,0.0,,MISO_07_ST_047,,
MISO_07_ThermalOther_127,07,3.2,0.0,,MISO_07_ST_051,,
MISO_07_ThermalOther_128,07,18.0,0.0,,MISO_07_ST_052,,
MISO_07_ThermalOther_129,07,238.0,0.0,,MISO_07_ST_077,,
MISO_07_solar_001,07,6.9,0.0,,,MISO_07_solar_001,
MISO_07_solar_002,07,2.3,0.0,,,MISO_07_solar_002,
MISO_07_solar_004,07,3.8,0.0,,,MISO_07_solar_004,
MISO_07_solar_005,07,10.0,0.0,,,MISO_07_solar_005,
MISO_07_solar_006,07,4.0,0.0,,,MISO_07_solar_006,
MISO_07_solar_007,07,2.0,0.0,,,MISO_07_solar_007,
MISO_07_solar_008,07,20.0,0.0,,,MISO_07_solar_008,
MISO_07_solar_011,07,2.0,0.0,,,MISO_07_solar_011,
MISO_07_solar_013,07,20.0,0.0,,,MISO_07_solar_013,
MISO_07_solar_014,07,2.0,0.0,,,MISO_07_solar_014,
MISO_07_solar_015,07,80.0,0.0,,,MISO_07_solar_015,
MISO_07_solar_017,07,4.0,0.0,,,MISO_07_solar_017,
MISO_07_solar_018,07,250.0,0.0,,,MISO_07_solar_018,
MISO_07_solar_019,07,5.0,0.0,,,MISO_07_solar_019,
MISO_07_solar_021,07,120.0,0.0,,,MISO_07_solar_021,
MISO_07_solar_022,07,239.0,0.0,,,MISO_07_solar_022,
MISO_07_solar_023,07,50.8,0.0,,,MISO_07_solar_023,
MISO_07_solar_024,07,12.5,0.0,,,MISO_07_solar_024,
MISO_07_solar_025,07,48.0,0.0,,,MISO_07_solar_025,
MISO_07_solar_026,07,1.4,0.0,,,MISO_07_solar_026,
MISO_07_solar_027,07,3.0,0.0,,,MISO_07_solar_027,
MISO_07_solar_028,07,0.8,0.0,,,MISO_07_solar_028,
MISO_07_solar_029,07,40.0,0.0,,,MISO_07_solar_029,
MISO_07_solar_030,07,24.0,0.0,,,MISO_07_solar_030,
MISO_07_solar_031,07,10.5,0.0,,,MISO_07_solar_031,
MISO_07_solar_032,07,20.0,0.0,,,MISO_07_solar_032,
MISO_07_solar_034,07,302.0,0.0,,,MISO_07_solar_034,
MISO_07_solar_035,07,169.0,0.0,,,MISO_07_solar_035,
MISO_07_solar_036,07,50.0,0.0,,,MISO_07_solar_036,
MISO_07_solar_037,07,15.0,0.0,,,MISO_07_solar_037,
MISO_07_solar_038,07,1.0,0.0,,,MISO_07_solar_038,
MISO_07_solar_039,07,1.0,0.0,,,MISO_07_solar_039,
MISO_07_solar_040,07,2.0,0.0,,,MISO_07_solar_040,
MISO_07_solar_041,07,1.0,0.0,,,MISO_07_solar_041,
MISO_07_solar_043,07,150.0,0.0,,,MISO_07_solar_043,
MISO_07_solar_044,07,125.0,0.0,,,MISO_07_solar_044,
MISO_07_solar_045,07,20.0,0.0,,,MISO_07_solar_045,
MISO_07_solar_046,07,142.0,0.0,,,MISO_07_solar_046,
MISO_07_solar_047,07,173.3,0.0,,,MISO_07_solar_047,
MISO_07_solar_048,07,2.0,0.0,,,MISO_07_solar_048,
MISO_07_solar_049,07,40.0,0.0,,,MISO_07_solar_049,
MISO_07_solar_050,07,20.0,0.0,,,MISO_07_solar_050,
MISO_07_wind_001,07,28.0,0.0,,,,MISO_07_wind_001
MISO_07_wind_002,07,72.8,0.0,,,,MISO_07_wind_002
MISO_07_wind_003,07,60.0,0.0,,,,MISO_07_wind_003
MISO_07_wind_004,07,149.0,0.0,,,,MISO_07_wind_004
MISO_07_wind_005,07,141.5,0.0,,,,MISO_07_wind_005
MISO_07_wind_006,07,100.8,0.0,,,,MISO_07_wind_006
MISO_07_wind_007,07,538.2,0.0,,,,MISO_07_wind_007
MISO_07_wind_008,07,69.0,0.0,,,,MISO_07_wind_008
MISO_07_wind_009,07,206.0,0.0,,,,MISO_07_wind_009
MISO_07_wind_010,07,544.8,0.0,,,,MISO_07_wind_010
MISO_07_wind_011,07,225.0,0.0,,,,MISO_07_wind_011
MISO_07_wind_012,07,120.0,0.0,,,,MISO_07_wind_012
MISO_07_wind_013,07,509.2,0.0,,,,MISO_07_wind_013
MISO_07_wind_014,07,212.4,0.0,,,,MISO_07_wind_014
MISO_07_wind_015,07,150.0,0.0,,,,MISO_07_wind_015
MISO_07_wind_016,07,500.6,0.0,,,,MISO_07_wind_016
MISO_07_wind_018,07,150.0,0.0,,,,MISO_07_wind_018
MISO_08_BatteryStorage_001,08,10.0,30.0,,,,
MISO_08_BatteryStorage_002,08,2.5,4.8,,,,
MISO_08_BatteryStorage_003,08,2.5,4.8,,,,
MISO_08_BatteryStorage_004,08,1.2,7.2,,,,
MISO_08_Coal_001,08,720.0,0.0,MISO_08_Conventional_Steam_Coal_RC_001,MISO_08_ST_002,,
MISO_08_Coal_002,08,1800.0,0.0,MISO_08_Conventional_Steam_Coal_RC_003,MISO_08_ST_004,,
MISO_08_Coal_003,08,1800.0,0.0,MISO_08_Conventional_Steam_Coal_RC_005,MISO_08_ST_007,,
MISO_08_FuelOil_004,08,1.6,0.0,,MISO_08_CT_002,,
MISO_08_NaturalGas_005,08,599.5,0.0,MISO_08_Natural_Gas_Fired_Combined_Cycle_RC_004,MISO_08_CC_006,,
MISO_08_NaturalGas_006,08,746.0,0.0,MISO_08_Natural_Gas_Fired_Combined_Cycle_RC_006,MISO_08_CC_008,,
MISO_08_NaturalGas_007,08,230.4,0.0,MISO_08_Natural_Gas_Fired_Combined_Cycle_RC_008,MISO_08_CC_010,,
MISO_08_NaturalGas_008,08,714.8,0.0,MISO_08_Natural_Gas_Fired_Combined_Cycle_RC_009,MISO_08_CC_011,,
MISO_08_NaturalGas_009,08,2428.0,0.0,MISO_08_Natural_Gas_Fired_Combined_Cycle_RC_012,MISO_08_CC_015,,
MISO_08_NaturalGas_010,08,224.3,0.0,MISO_08_Natural_Gas_Fired_Combustion_Turbine_RC_002,MISO_08_CT_003,,
MISO_08_NaturalGas_011,08,552.5,0.0,MISO_08_Natural_Gas_Steam_Turbine_RC_007,MISO_08_ST_009,,
MISO_08_NaturalGas_012,08,136.0,0.0,MISO_08_Natural_Gas_Steam_Turbine_RC_010,MISO_08_ST_013,,
MISO_08_NaturalGas_013,08,25.0,0.0,MISO_08_Natural_Gas_Steam_Turbine_RC_011,MISO_08_ST_014,,
MISO_08_NaturalGas_014,08,1.3,0.0,,MISO_08_CT_006,,
MISO_08_Nuclear_015,08,1845.0,0.0,,MISO_08_NU_005,,
MISO_08_ThermalOther_016,08,4.0,0.0,,MISO_08_CT_001,,
MISO_08_ThermalOther_017,08,4.800000000000001,0.0,,MISO_08_CT_006,,
MISO_08_ThermalOther_018,08,85.0,0.0,,MISO_08_ST_010,,
MISO_08_ThermalOther_019,08,28.0,0.0,,MISO_08_ST_012,,
MISO_08_solar_001,08,1.0,0.0,,,MISO_08_solar_001,
MISO_08_solar_002,08,1.0,0.0,,,MISO_08_solar_002,
MISO_08_solar_003,08,1.0,0.0,,,MISO_08_solar_003,
MISO_08_solar_004,08,375.0,0.0,,,MISO_08_solar_004,
MISO_08_solar_005,08,1.0,0.0,,,MISO_08_solar_005,
MISO_08_solar_006,08,150.0,0.0,,,MISO_08_solar_006,
MISO_08_solar_007,08,10.0,0.0,,,MISO_08_solar_007,
MISO_08_solar_008,08,181.0,0.0,,,MISO_08_solar_008,
MISO_08_solar_009,08,1.0,0.0,,,MISO_08_solar_009,
MISO_08_solar_010,08,4.8,0.0,,,MISO_08_solar_010,
MISO_08_solar_011,08,4.8,0.0,,,MISO_08_solar_011,
MISO_08_solar_012,08,2.9,0.0,,,MISO_08_solar_012,
MISO_08_solar_013,08,1.0,0.0,,,MISO_08_solar_013,
MISO_08_solar_014,08,360.0,0.0,,,MISO_08_solar_014,
MISO_08_solar_015,08,135.0,0.0,,,MISO_08_solar_015,
MISO_08_solar_016,08,122.0,0.0,,,MISO_08_solar_016,
MISO_08_solar_017,08,198.8,0.0,,,MISO_08_solar_017,
MISO_08_solar_018,08,8.0,0.0,,,MISO_08_solar_018,
MISO_08_solar_020,08,3.0,0.0,,,MISO_08_solar_020,
MISO_08_solar_021,08,200.0,0.0,,,MISO_08_solar_021,
MISO_08_solar_023,08,100.0,0.0,,,MISO_08_solar_023,
MISO_08_solar_024,08,7.6,0.0,,,MISO_08_solar_024,
MISO_08_solar_025,08,200.0,0.0,,,MISO_08_solar_025,
MISO_08_solar_027,08,81.0,0.0,,,MISO_08_solar_027,
MISO_08_solar_029,08,1.0,0.0,,,MISO_08_solar_029,
MISO_08_solar_030,08,4.8,0.0,,,MISO_08_solar_030,
MISO_08_solar_031,08,6.9,0.0,,,MISO_08_solar_031,
MISO_08_solar_032,08,5.0,0.0,,,MISO_08_solar_032,
MISO_08_solar_033,08,2.0,0.0,,,MISO_08_solar_033,
MISO_08_solar_034,08,1.0,0.0,,,MISO_08_solar_034,
MISO_08_solar_035,08,100.0,0.0,,,MISO_08_solar_035,
MISO_08_solar_036,08,2.0,0.0,,,MISO_08_solar_036,
MISO_08_solar_037,08,109.2,0.0,,,MISO_08_solar_037,
MISO_08_solar_038,08,102.0,0.0,,,MISO_08_solar_038,
MISO_08_solar_039,08,1.8,0.0,,,MISO_08_solar_039,
MISO_08_wind_002,08,144.0,0.0,,,,MISO_08_wind_002
MISO_09_Coal_001,09,558.0,0.0,MISO_09_Conventional_Steam_Coal_RC_006,MISO_09_ST_008,,
MISO_09_Coal_002,09,1276.9,0.0,MISO_09_Conventional_Steam_Coal_RC_009,MISO_09_ST_014,,
MISO_09_Coal_003,09,614.6,0.0,MISO_09_Conventional_Steam_Coal_RC_018,MISO_09_ST_027,,
MISO_09_FuelOil_004,09,9.4,0.0,,MISO_09_CT_014,,
MISO_09_FuelOil_005,09,4.0,0.0,,MISO_09_CT_022,,
MISO_09_FuelOil_006,09,8.2,0.0,,MISO_09_CT_025,,
MISO_09_FuelOil_007,09,41.0,0.0,,MISO_09_CT_033,,
MISO_09_NaturalGas_008,09,1541.8,0.0,MISO_09_Natural_Gas_Fired_Combined_Cycle_RC_001,MISO_09_CC_001,,
MISO_09_NaturalGas_010,09,922.8,0.0,MISO_09_Natural_Gas_Fired_Combined_Cycle_RC_007,MISO_09_CC_010,,
MISO_09_NaturalGas_012,09,1389.1999999999998,0.0,MISO_09_Natural_Gas_Fired_Combined_Cycle_RC_011,MISO_09_CC_017,,
MISO_09_NaturalGas_013,09,1000.0,0.0,MISO_09_Natural_Gas_Fired_Combined_Cycle_RC_013,MISO_09_CC_021,,
MISO_09_NaturalGas_014,09,555.0,0.0,MISO_09_Natural_Gas_Fired_Combined_Cycle_RC_014,MISO_09_CC_022,,
MISO_09_NaturalGas_015,09,1807.6999999999998,0.0,MISO_09_Natural_Gas_Fired_Combined_Cycle_RC_015,MISO_09_CC_023,,
MISO_09_NaturalGas_016,09,1493.0,0.0,MISO_09_Natural_Gas_Fired_Combined_Cycle_RC_018,MISO_09_CC_027,,
MISO_09_NaturalGas_017,09,2028.5,0.0,MISO_09_Natural_Gas_Fired_Combined_Cycle_RC_019,MISO_09_CC_028,,
MISO_09_NaturalGas_018,09,649.5,0.0,MISO_09_Natural_Gas_Fired_Combined_Cycle_RC_023,MISO_09_CC_032,,
MISO_09_NaturalGas_019,09,2217.8,0.0,MISO_09_Natural_Gas_Fired_Combined_Cycle_RC_024,MISO_09_CC_033,,
MISO_09_NaturalGas_020,09,206.9,0.0,MISO_09_Natural_Gas_Fired_Combined_Cycle_RC_026,MISO_09_CC_036,,
MISO_09_NaturalGas_021,09,74.1,0.0,MISO_09_Natural_Gas_Fired_Combined_Cycle_RC_029,MISO_09_CC_039,,
MISO_09_NaturalGas_022,09,675.6,0.0,MISO_09_Natural_Gas_Fired_Combined_Cycle_RC_032,MISO_09_CC_042,,
MISO_09_NaturalGas_023,09,302.4,0.0,MISO_09_Natural_Gas_Fired_Combustion_Turbine_DC_010,MISO_09_CT_016,,
MISO_09_NaturalGas_024,09,245.5,0.0,MISO_09_Natural_Gas_Fired_Combustion_Turbine_RC_001,MISO_09_CT_001,,
MISO_09_NaturalGas_025,09,39.2,0.0,MISO_09_Natural_Gas_Fired_Combustion_Turbine_RC_003,MISO_09_CT_003,,
MISO_09_NaturalGas_026,09,7.5,0.0,MISO_09_Natural_Gas_Fired_Combustion_Turbine_RC_004,MISO_09_CT_004,,
MISO_09_NaturalGas_027,09,62.0,0.0,MISO_09_Natural_Gas_Fired_Combustion_Turbine_RC_005,MISO_09_CT_006,,
MISO_09_NaturalGas_028,09,399.6,0.0,MISO_09_Natural_Gas_Fired_Combustion_Turbine_RC_008,MISO_09_CT_012,,
MISO_09_NaturalGas_029,09,265.6,0.0,MISO_09_Natural_Gas_Fired_Combustion_Turbine_RC_009,MISO_09_CT_014,,
MISO_09_NaturalGas_030,09,189.3,0.0,MISO_09_Natural_Gas_Fired_Combustion_Turbine_RC_010,MISO_09_CT_016,,
MISO_09_NaturalGas_031,09,170.0,0.0,MISO_09_Natural_Gas_Fired_Combustion_Turbine_RC_012,MISO_09_CT_019,,
MISO_09_NaturalGas_032,09,240.8,0.0,MISO_09_Natural_Gas_Fired_Combustion_Turbine_RC_014,MISO_09_CT_022,,
MISO_09_NaturalGas_033,09,306.0,0.0,MISO_09_Natural_Gas_Fired_Combustion_Turbine_RC_015,MISO_09_CT_023,,
MISO_09_NaturalGas_034,09,201.6,0.0,MISO_09_Natural_Gas_Fired_Combustion_Turbine_RC_016,MISO_09_CT_024,,
MISO_09_NaturalGas_035,09,416.0,0.0,MISO_09_Natural_Gas_Fired_Combustion_Turbine_RC_017,MISO_09_CT_026,,
MISO_09_NaturalGas_036,09,673.7,0.0,MISO_09_Natural_Gas_Fired_Combustion_Turbine_RC_018,MISO_09_CT_027,,
MISO_09_NaturalGas_037,09,527.6,0.0,MISO_09_Natural_Gas_Fired_Combustion_Turbine_RC_020,MISO_09_CT_029,,
MISO_09_NaturalGas_038,09,173.0,0.0,MISO_09_Natural_Gas_Fired_Combustion_Turbine_RC_021,MISO_09_CT_030,,
MISO_09_NaturalGas_039,09,40.7,0.0,MISO_09_Natural_Gas_Fired_Combustion_Turbine_RC_025,MISO_09_CT_034,,
MISO_09_NaturalGas_040,09,284.6,0.0,MISO_09_Natural_Gas_Fired_Combustion_Turbine_RC_026,MISO_09_CT_036,,
MISO_09_NaturalGas_041,09,20.0,0.0,MISO_09_Natural_Gas_Fired_Combustion_Turbine_RC_027,MISO_09_CT_037,,
MISO_09_NaturalGas_042,09,23.5,0.0,MISO_09_Natural_Gas_Fired_Combustion_Turbine_RC_028,MISO_09_CT_038,,
MISO_09_NaturalGas_043,09,42.2,0.0,MISO_09_Natural_Gas_Fired_Combustion_Turbine_RC_030,MISO_09_CT_040,,
MISO_09_NaturalGas_044,09,445.5,0.0,MISO_09_Natural_Gas_Steam_Turbine_RC_006,MISO_09_ST_008,,
MISO_09_NaturalGas_045,09,853.2,0.0,MISO_09_Natural_Gas_Steam_Turbine_RC_009,MISO_09_ST_014,,
MISO_09_NaturalGas_046,09,199.0,0.0,MISO_09_Natural_Gas_Steam_Turbine_RC_010,MISO_09_ST_016,,
MISO_09_NaturalGas_047,09,4.7,0.0,MISO_09_Natural_Gas_Steam_Turbine_RC_011,MISO_09_ST_017,,
MISO_09_NaturalGas_048,09,542.8,0.0,MISO_09_Natural_Gas_Steam_Turbine_RC_013,MISO_09_ST_021,,
MISO_09_NaturalGas_049,09,7.2,0.0,MISO_09_Natural_Gas_Steam_Turbine_RC_014,MISO_09_ST_022,,
MISO_09_NaturalGas_050,09,652.3,0.0,MISO_09_Natural_Gas_Steam_Turbine_RC_018,MISO_09_ST_027,,
MISO_09_NaturalGas_051,09,142.7,0.0,MISO_09_Natural_Gas_Steam_Turbine_RC_020,MISO_09_ST_029,,
MISO_09_NaturalGas_052,09,14.0,0.0,MISO_09_Natural_Gas_Steam_Turbine_RC_022,MISO_09_ST_031,,
MISO_09_NaturalGas_053,09,1790.2,0.0,MISO_09_Natural_Gas_Steam_Turbine_RC_023,MISO_09_ST_032,,
MISO_09_NaturalGas_054,09,1448.4,0.0,MISO_09_Natural_Gas_Steam_Turbine_RC_024,MISO_09_ST_033,,
MISO_09_NaturalGas_055,09,51.3,0.0,MISO_09_Natural_Gas_Steam_Turbine_RC_025,MISO_09_ST_034,,
MISO_09_NaturalGas_056,09,1811.8,0.0,MISO_09_Natural_Gas_Steam_Turbine_RC_026,MISO_09_ST_036,,
MISO_09_NaturalGas_057,09,14.8,0.0,MISO_09_Natural_Gas_Steam_Turbine_RC_027,MISO_09_ST_037,,
MISO_09_NaturalGas_058,09,78.9,0.0,MISO_09_Natural_Gas_Steam_Turbine_RC_031,MISO_09_ST_041,,
MISO_09_NaturalGas_059,09,65.10000000000001,0.0,,MISO_09_CT_009,,
MISO_09_NaturalGas_060,09,16.8,0.0,,MISO_09_CT_027,,
MISO_09_NaturalGas_061,09,131.6,0.0,,MISO_09_CT_031,,
MISO_09_NaturalGas_062,09,9.0,0.0,,MISO_09_CT_043,,
MISO_09_Nuclear_064,09,1035.9,0.0,,MISO_09_NU_014,,
MISO_09_Nuclear_065,09,1199.8,0.0,,MISO_09_NU_033,,
MISO_09_ThermalOther_066,09,3.4,0.0,,MISO_09_CT_020,,
MISO_09_ThermalOther_067,09,45.0,0.0,,MISO_09_ST_003,,
MISO_09_ThermalOther_068,09,66.4,0.0,,MISO_09_ST_005,,
MISO_09_ThermalOther_069,09,110.0,0.0,,MISO_09_ST_006,,
MISO_09_ThermalOther_070,09,78.8,0.0,,MISO_09_ST_007,,
MISO_09_ThermalOther_071,09,703.8,0.0,,MISO_09_ST_008,,
MISO_09_ThermalOther_072,09,61.5,0.0,,MISO_09_ST_011,,
MISO_09_ThermalOther_073,09,99.5,0.0,,MISO_09_ST_013,,
MISO_09_ThermalOther_074,09,12.5,0.0,,MISO_09_ST_014,,
MISO_09_ThermalOther_075,09,49.9,0.0,,MISO_09_ST_015,,
MISO_09_ThermalOther_076,09,148.5,0.0,,MISO_09_ST_016,,
MISO_09_ThermalOther_077,09,57.7,0.0,,MISO_09_ST_018,,
MISO_09_ThermalOther_078,09,314.3,0.0,,MISO_09_ST_027,,
MISO_09_ThermalOther_079,09,48.0,0.0,,MISO_09_ST_028,,
MISO_09_ThermalOther_080,09,7.5,0.0,,MISO_09_ST_029,,
MISO_09_ThermalOther_081,09,1.0,0.0,,MISO_09_ST_035,,
MISO_09_ThermalOther_082,09,149.8,0.0,,MISO_09_ST_036,,
MISO_09_solar_002,09,98.1,0.0,,,MISO_09_solar_002,
MISO_09_solar_005,09,200.0,0.0,,,MISO_09_solar_005,
MISO_09_solar_006,09,4.5,0.0,,,MISO_09_solar_006,
MISO_09_solar_009,09,142.8,0.0,,,MISO_09_solar_009,
MISO_09_solar_011,09,100.0,0.0,,,MISO_09_solar_011,
MISO_09_solar_012,09,100.0,0.0,,,MISO_09_solar_012,
MISO_09_solar_013,09,300.0,0.0,,,MISO_09_solar_013,
MISO_09_solar_014,09,150.0,0.0,,,MISO_09_solar_014,
MISO_09_solar_016,09,50.0,0.0,,,MISO_09_solar_016,
MISO_09_solar_019,09,135.0,0.0,,,MISO_09_solar_019,
MISO_09_solar_023,09,24.5,0.0,,,MISO_09_solar_023,
MISO_09_solar_024,09,20.0,0.0,,,MISO_09_solar_024,
MISO_09_solar_026,09,109.9,0.0,,,MISO_09_solar_026,
MISO_10_NaturalGas_001,10,55.2,0.0,MISO_10_Natural_Gas_Fired_Combined_Cycle_RC_001,MISO_10_CC_001,,
MISO_10_NaturalGas_003,10,551.3,0.0,MISO_10_Natural_Gas_Fired_Combined_Cycle_RC_004,MISO_10_CC_004,,
MISO_10_NaturalGas_004,10,34.1,0.0,MISO_10_Natural_Gas_Fired_Combined_Cycle_RC_006,MISO_10_CC_006,,
MISO_10_NaturalGas_005,10,551.3,0.0,MISO_10_Natural_Gas_Fired_Combined_Cycle_RC_007,MISO_10_CC_007,,
MISO_10_NaturalGas_006,10,285.0,0.0,MISO_10_Natural_Gas_Fired_Combined_Cycle_RC_012,MISO_10_CC_016,,
MISO_10_NaturalGas_007,10,558.0,0.0,MISO_10_Natural_Gas_Fired_Combined_Cycle_RC_013,MISO_10_CC_017,,
MISO_10_NaturalGas_008,10,306.4,0.0,MISO_10_Natural_Gas_Fired_Combustion_Turbine_RC_001,MISO_10_CT_001,,
MISO_10_NaturalGas_009,10,25.0,0.0,MISO_10_Natural_Gas_Fired_Combustion_Turbine_RC_005,MISO_10_CT_005,,
MISO_10_NaturalGas_010,10,49.1,0.0,MISO_10_Natural_Gas_Fired_Combustion_Turbine_RC_007,MISO_10_CT_007,,
MISO_10_NaturalGas_011,10,4.8,0.0,MISO_10_Natural_Gas_Fired_Combustion_Turbine_RC_008,MISO_10_CT_009,,
MISO_10_NaturalGas_012,10,4.2,0.0,MISO_10_Natural_Gas_Fired_Combustion_Turbine_RC_009,MISO_10_CT_010,,
MISO_10_NaturalGas_013,10,141.0,0.0,MISO_10_Natural_Gas_Fired_Combustion_Turbine_RC_010,MISO_10_CT_012,,
MISO_10_NaturalGas_014,10,250.5,0.0,MISO_10_Natural_Gas_Fired_Combustion_Turbine_RC_011,MISO_10_CT_015,,
MISO_10_NaturalGas_015,10,166.5,0.0,MISO_10_Natural_Gas_Fired_Combustion_Turbine_RC_012,MISO_10_CT_016,,
MISO_10_NaturalGas_016,10,781.4,0.0,MISO_10_Natural_Gas_Steam_Turbine_RC_002,MISO_10_ST_002,,
MISO_10_NaturalGas_017,10,59.0,0.0,MISO_10_Natural_Gas_Steam_Turbine_RC_012,MISO_10_ST_016,,
MISO_10_NaturalGas_018,10,3.2,0.0,,MISO_10_CT_011,,
MISO_10_NaturalGas_019,10,28.4,0.0,,MISO_10_CT_018,,
MISO_10_Nuclear_020,10,1440.0,0.0,,MISO_10_NU_013,,
MISO_10_ThermalOther_021,10,50.5,0.0,,MISO_10_ST_008,,
MISO_10_ThermalOther_022,10,81.5,0.0,,MISO_10_ST_014,,
MISO_10_solar_001,10,100.0,0.0,,,MISO_10_solar_001,
MISO_10_solar_003,10,100.0,0.0,,,MISO_10_solar_003,
MISO_10_solar_004,10,100.0,0.0,,,MISO_10_solar_004,
MISO_10_solar_005,10,100.0,0.0,,,MISO_10_solar_005,
MISO_10_solar_006,10,99.0,0.0,,,MISO_10_solar_006,
MISO_10_solar_008,10,100.0,0.0,,,MISO_10_solar_008,
MISO_10_solar_009,10,175.0,0.0,,,MISO_10_solar_009,
MISO_10_solar_011,10,1.2,0.0,,,MISO_10_solar_011,
MISO_10_solar_012,10,52.0,0.0,,,MISO_10_solar_012,
MISO_10_wind_001,10,184.5,0.0,,,,MISO_10_wind_001
